"","BFS4.comp","RFS4.comp","OKdiff","BRM","NRM","RMdiff","NIN","BIN","INdiff","NRM_full","BRM_full"
"X7",1,1,0,1,1,0,2.33333333333333,1.83333333333333,0.5,1,1
"X8",3.83333333333333,4.08333333333333,0.25,4,2.66666666666667,1.33333333333333,3.83333333333333,4.16666666666667,-0.333333333333333,3.7,4.1
"X9",4,4.25,0.25,5,3.33333333333333,1.66666666666667,3.66666666666667,4,-0.333333333333333,3.4,4.6
"X10",2.16666666666667,1.83333333333333,-0.333333333333333,1,1,0,1.16666666666667,1.83333333333333,-0.666666666666667,1.6,1.6
"X11",2.33333333333333,2.41666666666667,0.083333333333333,4.66666666666667,5.33333333333333,-0.666666666666666,3.83333333333333,3,0.833333333333333,4.3,4.8
"X12",3.25,5.5,2.25,3.33333333333333,5.66666666666667,-2.33333333333333,2.83333333333333,1.5,1.33333333333333,6.1,5.5
"X13",2,2.5,0.5,7,7,0,5.5,1,4.5,6.5,7
"X14",2,2,0,1,2.66666666666667,-1.66666666666667,3,1.16666666666667,1.83333333333333,3.2,1.8
"X15",4,3.91666666666667,-0.0833333333333335,4,3.66666666666667,0.333333333333333,4.16666666666667,3.66666666666667,0.5,3.6,4.2
"X16",3.91666666666667,3.83333333333333,-0.083333333333333,3.33333333333333,3,0.333333333333333,4.5,4.5,0,3.7,4
"X17",2.83333333333333,2.75,-0.0833333333333335,1,4.66666666666667,-3.66666666666667,4.33333333333333,2.66666666666667,1.66666666666667,4.2,3.7
"X18",1.66666666666667,2,0.333333333333333,1.66666666666667,2.33333333333333,-0.666666666666667,5.16666666666667,3.16666666666667,2,2.4,2
"X19",2.66666666666667,3.83333333333333,1.16666666666667,4,4,0,5.66666666666667,2.66666666666667,3,4,4.1
"X20",1.75,1.41666666666667,-0.333333333333333,1.33333333333333,2.33333333333333,-1,2.66666666666667,1.5,1.16666666666667,2.7,2.1
"X21",3.16666666666667,4.33333333333333,1.16666666666667,1.66666666666667,4,-2.33333333333333,3.66666666666667,1.16666666666667,2.5,2.9,2.8
"X22",3.16666666666667,3.16666666666667,0,2,2,0,3.83333333333333,2.5,1.33333333333333,2,2
"X23",2.5,3.5,1,5.66666666666667,4.33333333333333,1.33333333333333,3.83333333333333,4,-0.166666666666667,3.7,4.2
"X24",4.83333333333333,3.75,-1.08333333333333,4,4.66666666666667,-0.666666666666667,3.5,4.16666666666667,-0.666666666666667,3.8,3.3
"X25",1,1.25,0.25,1,1,0,3.33333333333333,1,2.33333333333333,1.8,1.1
"X26",5,4,-1,5.66666666666667,3.66666666666667,2,4,4.5,-0.5,3.7,3.9
"X27",2.66666666666667,3.83333333333333,1.16666666666667,3.66666666666667,4.33333333333333,-0.666666666666667,5.5,2.16666666666667,3.33333333333333,4,3.6
"X28",1.16666666666667,2.16666666666667,1,4.33333333333333,2.66666666666667,1.66666666666667,4.5,1.16666666666667,3.33333333333333,1.8,3.4
"X29",4.5,5,0.5,5,3.33333333333333,1.66666666666667,3.16666666666667,1.16666666666667,2,3.5,4.1
"X30",4,3.41666666666667,-0.583333333333333,3.66666666666667,3,0.666666666666667,3.83333333333333,2.66666666666667,1.16666666666667,4.4,4.3
"X31",2.75,3.41666666666667,0.666666666666667,3,4.33333333333333,-1.33333333333333,4.33333333333333,2.66666666666667,1.66666666666667,4.9,4.5
"X32",1.33333333333333,2.83333333333333,1.5,5,3,2,4.5,2.16666666666667,2.33333333333333,3.5,5.3
"X33",5.16666666666667,5.25,0.083333333333333,4.66666666666667,3.33333333333333,1.33333333333333,5,2.66666666666667,2.33333333333333,4.7,5.1
"X34",4.16666666666667,4.25,0.083333333333333,5,4.66666666666667,0.333333333333333,4.5,5,-0.5,3.3,4.3
"X35",2,2.58333333333333,0.583333333333333,2.66666666666667,3,-0.333333333333333,3.66666666666667,3.33333333333333,0.333333333333333,3.1,3.2
"X36",1.16666666666667,1,-0.166666666666667,1,1,0,4,1.66666666666667,2.33333333333333,1,1
"X37",3.75,4,0.25,3.66666666666667,4.66666666666667,-1,4.66666666666667,4.5,0.166666666666667,3.7,3.5
"X38",4,4,0,4,4.33333333333333,-0.333333333333333,4,4.5,-0.5,4,4
"X39",2.16666666666667,4.83333333333333,2.66666666666667,2.33333333333333,4.33333333333333,-2,6.16666666666667,1.5,4.66666666666667,2.4,2.6
"X40",3.91666666666667,4,0.0833333333333335,5,5,0,4.66666666666667,4.66666666666667,0,4,4
"X41",1,1.5,0.5,1,1,0,2.66666666666667,1.33333333333333,1.33333333333333,1,1
"X42",1.33333333333333,1.91666666666667,0.583333333333333,1,1,0,2,1.16666666666667,0.833333333333333,1.5,1.2
"X43",3.91666666666667,3.83333333333333,-0.083333333333333,2.66666666666667,3,-0.333333333333333,3.33333333333333,3,0.333333333333333,4,4.2
"X44",1.75,1.91666666666667,0.166666666666667,1.66666666666667,3,-1.33333333333333,3.83333333333333,2.16666666666667,1.66666666666667,3.2,2.5
"X45",4.25,5,0.75,1,1,0,3.16666666666667,1.5,1.66666666666667,1.2,1
"X46",1.25,1.83333333333333,0.583333333333333,1.66666666666667,2.66666666666667,-1,5.16666666666667,2.33333333333333,2.83333333333333,1.8,1.6
"X47",6,4,-2,7,7,0,4.16666666666667,5,-0.833333333333333,7,7
"X48",2.08333333333333,2,-0.0833333333333335,1,1,0,2.5,1.66666666666667,0.833333333333333,1,1
"X49",1.75,2.66666666666667,0.916666666666667,1.33333333333333,3.33333333333333,-2,4,1.33333333333333,2.66666666666667,3.5,2.3
"X50",3.83333333333333,3.16666666666667,-0.666666666666667,2.66666666666667,4.33333333333333,-1.66666666666667,4.33333333333333,4,0.333333333333333,4.6,3
"X51",2,2.25,0.25,4.33333333333333,4.66666666666667,-0.333333333333334,4.5,1.66666666666667,2.83333333333333,4.8,4.8
"X52",1,2,1,3.66666666666667,3.66666666666667,0,5.5,2,3.5,3.9,3.8
"X53",1.16666666666667,1.16666666666667,0,1,1,0,3.33333333333333,1.5,1.83333333333333,1.1,1.6
"X54",3.75,3.66666666666667,-0.0833333333333335,5,5,0,4.66666666666667,4.66666666666667,0,4.3,4.3
"X55",1.91666666666667,2.66666666666667,0.75,1,2,-1,4.33333333333333,1.16666666666667,3.16666666666667,2.6,1.8
"X56",3.41666666666667,4.41666666666667,1,3,4.33333333333333,-1.33333333333333,3.5,1.33333333333333,2.16666666666667,4.8,4.3
"X57",3.41666666666667,4.25,0.833333333333333,5.66666666666667,5.33333333333333,0.333333333333334,4.66666666666667,2,2.66666666666667,5,5.9
"X58",3.58333333333333,3.25,-0.333333333333333,3.33333333333333,4.66666666666667,-1.33333333333333,4.33333333333333,2,2.33333333333333,4.8,3.8
"X59",2.83333333333333,4.5,1.66666666666667,4.66666666666667,4.66666666666667,0,4.83333333333333,1.33333333333333,3.5,4.9,3.9
"X60",3.83333333333333,4.16666666666667,0.333333333333333,4.33333333333333,3.66666666666667,0.666666666666667,4.66666666666667,3,1.66666666666667,3.4,4.3
"X61",3.83333333333333,4.16666666666667,0.333333333333333,4,4.66666666666667,-0.666666666666667,4.83333333333333,3.66666666666667,1.16666666666667,4.2,4.1
"X62",1,1.33333333333333,0.333333333333333,1,1,0,3.66666666666667,1.66666666666667,2,1.1,1.2
"X63",4.08333333333333,7,2.91666666666667,3,4,-1,4,2.5,1.5,4.1,5.8
"X64",3.41666666666667,3.5,0.0833333333333335,2.66666666666667,2.66666666666667,0,5,3,2,2.9,3.2
"X65",3.83333333333333,4,0.166666666666667,5.66666666666667,6,-0.333333333333333,5.66666666666667,5.5,0.166666666666667,4,4
"X66",4.08333333333333,4,-0.083333333333333,3.33333333333333,4,-0.666666666666667,3.83333333333333,4,-0.166666666666667,4,4.1
"X67",4.66666666666667,4.66666666666667,0,4.33333333333333,3.33333333333333,1,4.66666666666667,4.33333333333333,0.333333333333334,3.4,4.3
"X68",3,3.5,0.5,2.66666666666667,3,-0.333333333333333,2,1.83333333333333,0.166666666666667,4.2,4.8
"X69",3.75,5.08333333333333,1.33333333333333,2.33333333333333,6.33333333333333,-4,2,2.83333333333333,-0.833333333333333,5.4,4.2
"X70",3.91666666666667,3.16666666666667,-0.75,3,4,-1,4.83333333333333,2.83333333333333,2,3.7,3.1
"X71",2.75,3,0.25,2.33333333333333,3.33333333333333,-1,4.5,1.5,3,3.8,3.1
"X72",3.25,4.16666666666667,0.916666666666667,2,2,0,3.66666666666667,2.16666666666667,1.5,2.8,3
"X73",2.91666666666667,5.58333333333333,2.66666666666667,1.66666666666667,6.33333333333333,-4.66666666666667,5,3.16666666666667,1.83333333333333,6.3,5.3
"X74",3,3.08333333333333,0.0833333333333335,1,2,-1,4.83333333333333,3,1.83333333333333,1.9,1.2
"X75",3.91666666666667,3.58333333333333,-0.333333333333333,2.66666666666667,3.33333333333333,-0.666666666666667,4,2.5,1.5,3.5,4.7
"X76",2.75,4.08333333333333,1.33333333333333,1.33333333333333,2,-0.666666666666667,4.16666666666667,2.5,1.66666666666667,2.9,3.7
"X77",3.58333333333333,4.08333333333333,0.5,7,7,0,4.66666666666667,2.66666666666667,2,7,7
"X78",1.5,3.5,2,2,3,-1,4.5,2,2.5,3.2,2.3
"X79",1.91666666666667,2,0.0833333333333333,1.33333333333333,1.33333333333333,0,3,2.66666666666667,0.333333333333333,1.7,1.4
"X80",1.08333333333333,1.08333333333333,0,3,2.33333333333333,0.666666666666667,2.16666666666667,1.5,0.666666666666667,4.6,4.3
"X81",1.33333333333333,2.08333333333333,0.75,1,1.33333333333333,-0.333333333333333,3.33333333333333,1.33333333333333,2,1.9,2.2
"X82",3.25,3.83333333333333,0.583333333333333,3.66666666666667,4.33333333333333,-0.666666666666667,3.33333333333333,2.33333333333333,1,4.6,4.4
"X83",2.66666666666667,2.75,0.0833333333333335,3.66666666666667,5,-1.33333333333333,4.66666666666667,1.16666666666667,3.5,5.7,4.1
"X84",4.16666666666667,4,-0.166666666666667,4,2.66666666666667,1.33333333333333,4,3.33333333333333,0.666666666666667,3.3,4.2
"X85",2.66666666666667,4.08333333333333,1.41666666666667,3.66666666666667,3.33333333333333,0.333333333333333,3.66666666666667,3.5,0.166666666666667,3.5,3.8
"X86",1.91666666666667,2.41666666666667,0.5,1,3.66666666666667,-2.66666666666667,3,3,0,2,1
"X87",1.16666666666667,1.75,0.583333333333333,2,2.33333333333333,-0.333333333333333,3.66666666666667,2.16666666666667,1.5,3.1,3
"X88",1,1,0,1,1,0,2.16666666666667,1.5,0.666666666666667,1,1
"X89",1.91666666666667,2.66666666666667,0.75,5.33333333333333,4,1.33333333333333,4,2.83333333333333,1.16666666666667,4.1,3.6
"X90",1.75,3.66666666666667,1.91666666666667,2.33333333333333,2.66666666666667,-0.333333333333333,2.83333333333333,1.16666666666667,1.66666666666667,3.7,3.7
"X91",1.75,1.83333333333333,0.0833333333333333,1.66666666666667,2.33333333333333,-0.666666666666667,3.5,1.16666666666667,2.33333333333333,2.7,1.8
"X92",4.16666666666667,4,-0.166666666666667,3.66666666666667,2.66666666666667,1,3.5,3.33333333333333,0.166666666666667,3.7,3.6
"X93",2.5,1.75,-0.75,1,1,0,2.83333333333333,1,1.83333333333333,1.2,1
"X94",1.91666666666667,3,1.08333333333333,2.66666666666667,2.66666666666667,0,3.5,2.33333333333333,1.16666666666667,2.7,2.3
"X95",1.5,3.91666666666667,2.41666666666667,5.66666666666667,6.66666666666667,-1,3.83333333333333,1.16666666666667,2.66666666666667,6.1,6
"X96",4.41666666666667,4.25,-0.166666666666667,4.66666666666667,6.33333333333333,-1.66666666666667,4.66666666666667,4,0.666666666666667,6.8,6.3
"X97",2.08333333333333,2.83333333333333,0.75,2,3,-1,3,1.66666666666667,1.33333333333333,2.3,2.1
"X98",2.16666666666667,3.41666666666667,1.25,3.33333333333333,2.33333333333333,1,4,2,2,3.6,3.9
"X99",5,7,2,7,7,0,4.5,1,3.5,6.4,7
"X100",2.5,4.66666666666667,2.16666666666667,4.33333333333333,5,-0.666666666666667,3.33333333333333,2.66666666666667,0.666666666666667,5.7,5.5
"X101",2.08333333333333,2.83333333333333,0.75,3,1,2,2.66666666666667,1,1.66666666666667,1.2,1.6
"X102",1.5,3.33333333333333,1.83333333333333,1,3.33333333333333,-2.33333333333333,3,1.5,1.5,3.1,2
"X103",1.58333333333333,2.08333333333333,0.5,1,2,-1,5,1,4,1.3,1
"X104",1.75,2.66666666666667,0.916666666666667,2.66666666666667,4.66666666666667,-2,6.66666666666667,1.16666666666667,5.5,3.9,4.4
"X105",4.25,4.25,0,1.33333333333333,1,0.333333333333333,2.83333333333333,1.5,1.33333333333333,1.3,2
"X106",2.33333333333333,4.25,1.91666666666667,4.66666666666667,4,0.666666666666667,3.66666666666667,1.5,2.16666666666667,4.8,5.4
"X107",2.66666666666667,3.5,0.833333333333333,2,4.66666666666667,-2.66666666666667,5.33333333333333,2.66666666666667,2.66666666666667,5.4,3.4
"X108",4.33333333333333,5,0.666666666666667,3.33333333333333,3.33333333333333,0,5.16666666666667,3.16666666666667,2,3,3.7
"X109",2,2.33333333333333,0.333333333333333,2,2,0,3.33333333333333,2,1.33333333333333,2,2.4
"X110",4.41666666666667,4.41666666666667,0,5,4.66666666666667,0.333333333333333,5,4.16666666666667,0.833333333333333,4.4,4
"X111",4.16666666666667,4.75,0.583333333333333,2,5,-3,6,2,4,5.2,3.6
"X112",1.41666666666667,2,0.583333333333333,2.33333333333333,2.66666666666667,-0.333333333333333,5.33333333333333,2.5,2.83333333333333,3.7,2.9
"X113",2.75,2.83333333333333,0.0833333333333335,2,4,-2,3.5,1.33333333333333,2.16666666666667,5.3,3.4
"X114",1,1,0,1.33333333333333,1.33333333333333,0,3.16666666666667,1.66666666666667,1.5,1.4,1.5
"X115",2.83333333333333,3.08333333333333,0.25,2.66666666666667,2.66666666666667,0,4.16666666666667,1.66666666666667,2.5,2.7,2.5
"X116",3.25,3.83333333333333,0.583333333333333,2.66666666666667,3.66666666666667,-1,3.33333333333333,2.33333333333333,1,3.9,4.1
"X117",1,1,0,1,1,0,5.16666666666667,1.5,3.66666666666667,1,1.1
"X118",1.33333333333333,1,-0.333333333333333,1.33333333333333,1.66666666666667,-0.333333333333333,4.16666666666667,4,0.166666666666667,1.9,1.5
"X119",4,3,-1,4,4,0,4,4,0,4,4
"X120",4.5,4.5,0,2.66666666666667,5.33333333333333,-2.66666666666667,4.5,3.33333333333333,1.16666666666667,4.2,3.5
"X121",4,4,0,7,6,1,5.33333333333333,5.33333333333333,0,3.9,4.3
"X122",1.75,3,1.25,1,1.66666666666667,-0.666666666666667,1.16666666666667,2.5,-1.33333333333333,3.4,3.8
"X123",3.83333333333333,3.83333333333333,0,6,5.66666666666667,0.333333333333333,5.5,4.83333333333333,0.666666666666667,4,4.4
"X124",1.25,1.5,0.25,1.33333333333333,1.33333333333333,0,2.66666666666667,1.83333333333333,0.833333333333333,1.1,1.1
"X125",1.5,1.91666666666667,0.416666666666667,1,1,0,3.83333333333333,1,2.83333333333333,1.1,1
"X126",2.5,2.83333333333333,0.333333333333333,3,3.33333333333333,-0.333333333333333,2.16666666666667,1.33333333333333,0.833333333333333,3.7,3
"X127",3.33333333333333,4.08333333333333,0.75,5.33333333333333,3,2.33333333333333,4.5,3.5,1,4,4.5
"X128",3.83333333333333,4,0.166666666666667,5.66666666666667,6.66666666666667,-1,5,6,-1,4.2,4
"X129",1.08333333333333,2.16666666666667,1.08333333333333,3.33333333333333,4,-0.666666666666667,5,2.66666666666667,2.33333333333333,3.1,4.1
"X130",1.33333333333333,1.33333333333333,0,1.33333333333333,2.33333333333333,-1,5.5,1.5,4,1.8,1.3
"X131",4.16666666666667,5.83333333333333,1.66666666666667,6.66666666666667,5.66666666666667,1,4.83333333333333,3.83333333333333,1,5.7,6.5
"X132",1,1.75,0.75,1,2.33333333333333,-1.33333333333333,2.5,1,1.5,1.6,1
"X133",1,1,0,1,1.33333333333333,-0.333333333333333,4.33333333333333,1.5,2.83333333333333,1.4,1.1
"X134",1.08333333333333,1.91666666666667,0.833333333333333,2.66666666666667,3,-0.333333333333333,4.5,2.33333333333333,2.16666666666667,2.9,3.8
"X135",3.41666666666667,3.66666666666667,0.25,3.33333333333333,1.33333333333333,2,4.5,2,2.5,1.6,3.8
"X136",4.5,4.91666666666667,0.416666666666667,3.33333333333333,5.33333333333333,-2,4.66666666666667,2.83333333333333,1.83333333333333,5.9,5.3
"X137",2.25,3.25,1,4,3.66666666666667,0.333333333333333,3.83333333333333,1.66666666666667,2.16666666666667,4.2,4.8
"X138",3.16666666666667,2.83333333333333,-0.333333333333333,3,3.33333333333333,-0.333333333333333,2.33333333333333,2.16666666666667,0.166666666666667,4.6,4.6
"X139",3,3.08333333333333,0.0833333333333335,1,1.33333333333333,-0.333333333333333,4.16666666666667,1.66666666666667,2.5,1.5,1.2
"X140",3.5,5.33333333333333,1.83333333333333,1.66666666666667,1.33333333333333,0.333333333333333,5.16666666666667,1,4.16666666666667,2.1,2.5
"X141",4.08333333333333,3.83333333333333,-0.25,4.66666666666667,3.66666666666667,1,4.33333333333333,3.66666666666667,0.666666666666667,3.8,4
"X142",1.5,1.25,-0.25,1,2.33333333333333,-1.33333333333333,2.33333333333333,1,1.33333333333333,3.7,4
"X143",2.75,3,0.25,3.33333333333333,3.33333333333333,0,4.33333333333333,2.33333333333333,2,3.9,4.3
"X144",2.91666666666667,3.25,0.333333333333333,2.66666666666667,3,-0.333333333333333,3.33333333333333,2.33333333333333,1,4,3.9
"X145",3,4.91666666666667,1.91666666666667,4,5.66666666666667,-1.66666666666667,4,1.16666666666667,2.83333333333333,5.5,5.2
"X146",1.5,3.16666666666667,1.66666666666667,1.33333333333333,2.33333333333333,-1,5.66666666666667,2.5,3.16666666666667,2.2,2.1
"X147",1.5,1.75,0.25,1.33333333333333,2.66666666666667,-1.33333333333333,4.16666666666667,2.5,1.66666666666667,2.5,1.3
"X148",2.25,3,0.75,1.66666666666667,1,0.666666666666667,6,2.16666666666667,3.83333333333333,1.4,2.1
"X149",2,2,0,2,1,1,2.83333333333333,2,0.833333333333333,1.1,2.3
"X150",4.5,5.83333333333333,1.33333333333333,4.66666666666667,5.66666666666667,-1,4.66666666666667,4,0.666666666666667,5.4,5.6
"X151",1,2.16666666666667,1.16666666666667,1,1,0,5.83333333333333,1.66666666666667,4.16666666666667,1,1.1
"X152",1.16666666666667,1.5,0.333333333333333,2.66666666666667,1.66666666666667,1,4,3.16666666666667,0.833333333333333,1.6,2.4
"X153",1.83333333333333,2.08333333333333,0.25,2,2,0,2.5,2.33333333333333,0.166666666666667,2.1,2
"X154",2.58333333333333,3.75,1.16666666666667,2.33333333333333,3,-0.666666666666667,4,1.66666666666667,2.33333333333333,4.3,3.5
"X155",2,2.25,0.25,2,2,0,5.33333333333333,2.83333333333333,2.5,2.2,2.1
"X156",3.66666666666667,4,0.333333333333333,3.33333333333333,3.33333333333333,0,5,3.83333333333333,1.16666666666667,3.3,3.7
"X157",1.66666666666667,2.25,0.583333333333333,1,1,0,3.66666666666667,1.16666666666667,2.5,1.1,1
"X158",2.33333333333333,4.25,1.91666666666667,2,1.66666666666667,0.333333333333333,4.83333333333333,1.16666666666667,3.66666666666667,1.3,2
"X159",1.83333333333333,1.83333333333333,0,1,1,0,2.83333333333333,1,1.83333333333333,1,1
"X160",5.66666666666667,6,0.333333333333333,5,4.66666666666667,0.333333333333333,3,2,1,4.3,4.6
"X161",1,1,0,5,6,-1,5.16666666666667,2.5,2.66666666666667,4.8,4.7
"X162",4.5,4.5,0,6.33333333333333,6.33333333333333,0,5.5,5.5,0,3.8,4.1
"X163",1,1,0,3,3,0,4,1,3,1.9,1.6
"X164",2.5,3.66666666666667,1.16666666666667,4.66666666666667,4.66666666666667,0,3.33333333333333,1.83333333333333,1.5,4.8,4.9
"X165",2.16666666666667,1,-1.16666666666667,2,2.33333333333333,-0.333333333333333,3.83333333333333,2.83333333333333,1,2.8,2
"X166",1,4.33333333333333,3.33333333333333,1,1,0,3,1,2,2.4,2.4
"X167",1.41666666666667,1.5,0.0833333333333333,1.33333333333333,1.66666666666667,-0.333333333333333,4.83333333333333,1.66666666666667,3.16666666666667,1.9,1.4
"X168",1.91666666666667,1.5,-0.416666666666667,3,3,0,4.5,1.5,3,4.1,3.8
"X169",1.33333333333333,2.08333333333333,0.75,1,1,0,3.5,1,2.5,1.2,1
"X170",2.33333333333333,3.16666666666667,0.833333333333333,1.66666666666667,2.33333333333333,-0.666666666666667,5.16666666666667,2.33333333333333,2.83333333333333,2.2,2.4
"X171",2.25,2.25,0,7,7,0,4.66666666666667,2.83333333333333,1.83333333333333,7,7
"X172",2.5,3,0.5,5,3.66666666666667,1.33333333333333,5,3,2,3.6,5.3
"X173",2,3.08333333333333,1.08333333333333,4,4,0,3.83333333333333,1.83333333333333,2,4.5,5.2
"X174",3.08333333333333,2.83333333333333,-0.25,1.33333333333333,1.66666666666667,-0.333333333333333,3.33333333333333,2.5,0.833333333333333,1.9,1.6
"X175",1,2.08333333333333,1.08333333333333,1.66666666666667,1.66666666666667,0,3.16666666666667,1.66666666666667,1.5,1.2,1.6
"X176",1,3.75,2.75,1.66666666666667,3.66666666666667,-2,4.66666666666667,1.5,3.16666666666667,3.5,1.8
"X177",3.41666666666667,4.08333333333333,0.666666666666667,3,3.33333333333333,-0.333333333333333,4.5,2.83333333333333,1.66666666666667,4,4.3
"X178",4.16666666666667,5.66666666666667,1.5,1.66666666666667,4.33333333333333,-2.66666666666667,4.83333333333333,1.66666666666667,3.16666666666667,3.6,2.6
"X179",2.83333333333333,4.33333333333333,1.5,2.33333333333333,3.33333333333333,-1,2.33333333333333,1,1.33333333333333,5.9,5
"X180",2.41666666666667,3.66666666666667,1.25,1,2.33333333333333,-1.33333333333333,5,1.16666666666667,3.83333333333333,2.2,2.6
"X181",3.08333333333333,3.91666666666667,0.833333333333333,3,4.66666666666667,-1.66666666666667,4.16666666666667,2,2.16666666666667,4.4,4.1
"X182",4.5,3.91666666666667,-0.583333333333333,5.66666666666667,5.33333333333333,0.333333333333334,5.66666666666667,5.33333333333333,0.333333333333334,4,3.8
"X183",2.5,2.83333333333333,0.333333333333333,2.33333333333333,1.66666666666667,0.666666666666667,2.16666666666667,2.16666666666667,0,3.1,3
"X184",4.25,4.91666666666667,0.666666666666667,3.66666666666667,3.66666666666667,0,2.83333333333333,2.16666666666667,0.666666666666667,5.1,5.2
"X185",3.08333333333333,3.08333333333333,0,3,4.66666666666667,-1.66666666666667,4.5,2.16666666666667,2.33333333333333,4.3,3.4
"X186",1.58333333333333,2.25,0.666666666666667,2.66666666666667,3.33333333333333,-0.666666666666667,2,2.33333333333333,-0.333333333333333,4.1,3.9
"X187",1.5,2,0.5,2.66666666666667,3.66666666666667,-1,3.66666666666667,2.83333333333333,0.833333333333333,2.9,2.6
"X188",1.5,1,-0.5,1,1,0,1.83333333333333,1,0.833333333333333,1.9,1.8
"X189",2.83333333333333,3,0.166666666666667,2.66666666666667,1.66666666666667,1,1.66666666666667,1.5,0.166666666666667,3.4,4.1
"X190",3,4.41666666666667,1.41666666666667,2.66666666666667,2.66666666666667,0,3.5,2,1.5,3,2.9
"X191",4.25,4.66666666666667,0.416666666666667,2,4,-2,2.5,1,1.5,4.7,3.6
"X192",3.25,3.66666666666667,0.416666666666667,3,3.33333333333333,-0.333333333333333,3.16666666666667,3.33333333333333,-0.166666666666667,3.6,3.3
"X193",4.5,3.5,-1,2.66666666666667,4,-1.33333333333333,1,2.16666666666667,-1.16666666666667,4.3,3.4
"X194",3.16666666666667,5.58333333333333,2.41666666666667,6.66666666666667,5,1.66666666666667,3.16666666666667,1.83333333333333,1.33333333333333,5.8,6.3
"X195",2.58333333333333,2.41666666666667,-0.166666666666667,1.66666666666667,3.33333333333333,-1.66666666666667,3.5,1.16666666666667,2.33333333333333,3.4,2.7
"X196",4,4.33333333333333,0.333333333333333,4.33333333333333,4.33333333333333,0,4.83333333333333,3.66666666666667,1.16666666666667,4.1,4.4
"X197",4.66666666666667,4.58333333333333,-0.0833333333333339,6,6,0,3,1.66666666666667,1.33333333333333,5.6,5.7
"X198",3,2.5,-0.5,2.66666666666667,2.33333333333333,0.333333333333333,4.16666666666667,2.5,1.66666666666667,2.9,3.2
"X199",3.91666666666667,4.16666666666667,0.25,5,5.33333333333333,-0.333333333333333,5,4.33333333333333,0.666666666666667,3.8,4.2
"X200",2.83333333333333,2.83333333333333,0,5,5,0,4.66666666666667,3.83333333333333,0.833333333333333,6.2,6
"X201",2.5,3.5,1,1.33333333333333,2,-0.666666666666667,2.5,1.5,1,3.8,3
"X202",4,4.41666666666667,0.416666666666667,3.33333333333333,5,-1.66666666666667,5,3.66666666666667,1.33333333333333,4.1,4.9
"X203",3.91666666666667,5.5,1.58333333333333,5.33333333333333,5.66666666666667,-0.333333333333334,5,1.66666666666667,3.33333333333333,5.3,4.5
"X204",2.83333333333333,4,1.16666666666667,2,3.33333333333333,-1.33333333333333,4.66666666666667,2.5,2.16666666666667,3.7,3.1
"X205",2,5.66666666666667,3.66666666666667,2.33333333333333,2.66666666666667,-0.333333333333333,2.16666666666667,1.83333333333333,0.333333333333333,3.9,3.8
"X206",3.16666666666667,3.16666666666667,0,5.33333333333333,2.33333333333333,3,3,1.33333333333333,1.66666666666667,5.3,5.5
"X207",1.75,3.08333333333333,1.33333333333333,1,2.66666666666667,-1.66666666666667,5,1.66666666666667,3.33333333333333,3.1,2.2
"X208",2,2,0,4,4,0,4,4.16666666666667,-0.166666666666667,4,4
"X209",2.25,3.08333333333333,0.833333333333333,1,4.33333333333333,-3.33333333333333,3.66666666666667,1,2.66666666666667,3.8,1.9
"X210",4,4.83333333333333,0.833333333333333,4,4.33333333333333,-0.333333333333333,2.66666666666667,1.16666666666667,1.5,5.6,5.1
"X211",1,1,0,1,1,0,6.16666666666667,2.33333333333333,3.83333333333333,1,1.2
"X212",7,7,0,7,6.66666666666667,0.333333333333333,1.16666666666667,1,0.166666666666667,6.8,6.6
"X213",4.66666666666667,3.16666666666667,-1.5,3.66666666666667,4.66666666666667,-1,3,4.16666666666667,-1.16666666666667,4.4,4.1
"X214",3,3.75,0.75,1.66666666666667,2.66666666666667,-1,3.83333333333333,1.33333333333333,2.5,2.3,2.1
"X215",3.25,6.16666666666667,2.91666666666667,3.66666666666667,4,-0.333333333333333,4.16666666666667,2.16666666666667,2,3.9,4.1
"X216",2.16666666666667,3.33333333333333,1.16666666666667,4.66666666666667,6.33333333333333,-1.66666666666667,4.16666666666667,2,2.16666666666667,6.1,5.3
"X217",1,1.5,0.5,1,1,0,2.66666666666667,1.5,1.16666666666667,1.2,1
"X218",3,3.91666666666667,0.916666666666667,4.66666666666667,5.66666666666667,-1,5.16666666666667,1.33333333333333,3.83333333333333,5.4,5.3
"X219",1.66666666666667,1.83333333333333,0.166666666666667,1,1.33333333333333,-0.333333333333333,6,1,5,1.2,1.5
"X220",1.33333333333333,1.16666666666667,-0.166666666666667,2,2,0,2.5,1.66666666666667,0.833333333333333,2.2,2.5
"X221",3.91666666666667,5.41666666666667,1.5,6,6,0,3.83333333333333,1.66666666666667,2.16666666666667,5.7,5.8
"X222",3,4.66666666666667,1.66666666666667,5,3.33333333333333,1.66666666666667,3,3.16666666666667,-0.166666666666667,4.1,5.1
"X223",4.16666666666667,6.16666666666667,2,2.33333333333333,5.33333333333333,-3,4.33333333333333,2.16666666666667,2.16666666666667,5,3.2
"X224",2.83333333333333,2.66666666666667,-0.166666666666667,2,3,-1,4.33333333333333,2.33333333333333,2,3.1,2.6
"X225",2.33333333333333,3.08333333333333,0.75,2.33333333333333,4.33333333333333,-2,4.5,1.16666666666667,3.33333333333333,4.8,2.9
"X226",3.08333333333333,4.75,1.66666666666667,5.33333333333333,6,-0.666666666666667,3,2,1,5.5,5
"X227",2.33333333333333,2.83333333333333,0.5,1.33333333333333,2.66666666666667,-1.33333333333333,2.83333333333333,1.33333333333333,1.5,3.8,3.2
"X228",7,7,0,5,5.66666666666667,-0.666666666666667,2,1.33333333333333,0.666666666666667,6.6,6.4
"X229",1.16666666666667,1.16666666666667,0,1,1.33333333333333,-0.333333333333333,3.83333333333333,2.5,1.33333333333333,2.6,2.3
"X230",1,1,0,1,1.33333333333333,-0.333333333333333,5.33333333333333,1,4.33333333333333,1.2,1
"X231",4.08333333333333,4.25,0.166666666666667,5.33333333333333,5,0.333333333333333,5,5,0,3.7,4.1
"X232",2.83333333333333,4,1.16666666666667,1.66666666666667,3.33333333333333,-1.66666666666667,3.66666666666667,1.33333333333333,2.33333333333333,2.4,1.7
"X233",4.25,4.16666666666667,-0.083333333333333,2,5,-3,4.16666666666667,2,2.16666666666667,3.8,3.6
"X234",2.41666666666667,2.16666666666667,-0.25,1,3,-2,5.33333333333333,2,3.33333333333333,2.1,1.7
"X235",1.91666666666667,4.08333333333333,2.16666666666667,1,1,0,1,1,0,1.6,1
"X236",3.58333333333333,5.08333333333333,1.5,2.66666666666667,4.33333333333333,-1.66666666666667,3.5,1.83333333333333,1.66666666666667,4.1,3.6
"X237",1.83333333333333,2.58333333333333,0.75,1,1,0,2.83333333333333,1.33333333333333,1.5,1.1,1
"X238",3,3.91666666666667,0.916666666666667,3,3,0,3.66666666666667,2,1.66666666666667,3.8,3.9
"X239",1.25,1.58333333333333,0.333333333333333,1.66666666666667,3,-1.33333333333333,5,1.66666666666667,3.33333333333333,2.2,1.6
"X240",1,1.16666666666667,0.166666666666667,1.33333333333333,2,-0.666666666666667,3.83333333333333,1.66666666666667,2.16666666666667,1.5,1.6
"X241",2.33333333333333,2.58333333333333,0.25,2.33333333333333,2.33333333333333,0,3.16666666666667,2.16666666666667,1,2.6,2.8
"X242",2.83333333333333,5.83333333333333,3,6,3.66666666666667,2.33333333333333,1.66666666666667,2.16666666666667,-0.5,3.1,6.2
"X243",3,7,4,3.33333333333333,3.33333333333333,0,2.5,2,0.5,3.6,3.9
"X244",4.16666666666667,4.16666666666667,0,5.33333333333333,5.33333333333333,0,4.5,5.16666666666667,-0.666666666666667,4,4.1
"X245",3.91666666666667,4.08333333333333,0.166666666666667,5,4.66666666666667,0.333333333333333,4.83333333333333,4,0.833333333333333,4,3.7
"X246",3,4.08333333333333,1.08333333333333,1.66666666666667,3,-1.33333333333333,3.5,2.33333333333333,1.16666666666667,3.5,2.4
"X247",4.58333333333333,4,-0.583333333333333,4,5,-1,4,5,-1,4,3.6
"X248",1.25,1.25,0,1.33333333333333,1,0.333333333333333,4.16666666666667,3,1.16666666666667,1.1,2.5
"X249",5,5.25,0.25,2,2.66666666666667,-0.666666666666667,3.16666666666667,4,-0.833333333333333,3.8,3.1
"X250",3.58333333333333,4.83333333333333,1.25,2,3,-1,4.16666666666667,2.33333333333333,1.83333333333333,2.9,4.1
"X251",3.66666666666667,2.91666666666667,-0.75,2.66666666666667,2,0.666666666666667,3,3.33333333333333,-0.333333333333333,2.3,2.1
"X252",3,3.83333333333333,0.833333333333333,1.66666666666667,3,-1.33333333333333,4,2.33333333333333,1.66666666666667,3.1,2.5
"X253",4.66666666666667,4.75,0.083333333333333,1,1,0,1,2,-1,1.6,1
"X254",1.75,3.5,1.75,1,1,0,3.33333333333333,1.33333333333333,2,1.2,1.2
"X255",4.25,4.08333333333333,-0.166666666666667,6,5.66666666666667,0.333333333333333,5,4.83333333333333,0.166666666666667,3.8,4.3
"X256",1.16666666666667,3.91666666666667,2.75,4,1.33333333333333,2.66666666666667,5,2.16666666666667,2.83333333333333,1.2,2.7
"X257",1.41666666666667,1.58333333333333,0.166666666666667,1.66666666666667,2.33333333333333,-0.666666666666667,3,2.33333333333333,0.666666666666667,2.9,1.4
"X258",2.83333333333333,3,0.166666666666667,1.66666666666667,2.33333333333333,-0.666666666666667,5.16666666666667,3.33333333333333,1.83333333333333,2.6,2.1
"X259",2,2,0,2,2,0,4,2,2,2,2
"X260",4.25,3.91666666666667,-0.333333333333333,3,3.33333333333333,-0.333333333333333,3.16666666666667,3.5,-0.333333333333333,3.7,3
"X261",4,4.08333333333333,0.083333333333333,5,6,-1,4,1.83333333333333,2.16666666666667,6,5.5
"X262",1.25,1.25,0,1,1,0,2.5,1.16666666666667,1.33333333333333,1.7,1.5
"X263",1.25,3.16666666666667,1.91666666666667,1.33333333333333,2.66666666666667,-1.33333333333333,3.16666666666667,1.16666666666667,2,4.3,2.5
"X264",2.75,2.58333333333333,-0.166666666666667,2,3.33333333333333,-1.33333333333333,3.83333333333333,1.16666666666667,2.66666666666667,4.6,3.5
"X265",4.16666666666667,4.75,0.583333333333333,3,3,0,3.66666666666667,3,0.666666666666667,2.9,3.1
"X266",4.91666666666667,5.41666666666667,0.5,2.66666666666667,2.66666666666667,0,3.5,2.5,1,2.9,3.6
"X267",4.08333333333333,3.83333333333333,-0.25,5.33333333333333,6,-0.666666666666667,5.5,5.33333333333333,0.166666666666667,4,3.5
"X268",1.66666666666667,1.5,-0.166666666666667,2.33333333333333,2,0.333333333333333,5.16666666666667,2.16666666666667,3,2.1,2.1
"X269",3.25,3.25,0,3.66666666666667,3.66666666666667,0,4.5,3.16666666666667,1.33333333333333,3.1,4.6
"X270",2,2.58333333333333,0.583333333333333,1.66666666666667,1.66666666666667,0,2.33333333333333,1,1.33333333333333,2.4,2.5
"X271",4.08333333333333,4.75,0.666666666666667,3,3,0,4,2.66666666666667,1.33333333333333,3.2,3.3
"X272",3.91666666666667,2.25,-1.66666666666667,2.66666666666667,4,-1.33333333333333,5,2,3,5.9,4.6
"X273",1.83333333333333,2.16666666666667,0.333333333333333,1,2.66666666666667,-1.66666666666667,3.16666666666667,1,2.16666666666667,2,1.1
"X274",3.83333333333333,3.83333333333333,0,5.66666666666667,6.66666666666667,-1,5.5,6,-0.5,4.1,3.4
"X275",1,1,0,1,3,-2,1,1,0,1.6,1
"X276",4.5,4.5,0,7,6.66666666666667,0.333333333333333,5.83333333333333,5.5,0.333333333333333,4.1,4.1
"X277",2.58333333333333,3.08333333333333,0.5,1.66666666666667,2.33333333333333,-0.666666666666667,3.16666666666667,2.33333333333333,0.833333333333333,3,3
"X278",3.83333333333333,4.08333333333333,0.25,2.33333333333333,1,1.33333333333333,1.33333333333333,1.16666666666667,0.166666666666667,2.1,2.7
"X279",1,1,0,1,1,0,2.66666666666667,1,1.66666666666667,1,1
"X280",4.25,4.25,0,6,5.33333333333333,0.666666666666667,5.33333333333333,4.5,0.833333333333333,4.4,4.1
"X281",2.33333333333333,2,-0.333333333333333,1.66666666666667,2.66666666666667,-1,4.33333333333333,2.5,1.83333333333333,2.7,2.2
"X282",3.66666666666667,5.58333333333333,1.91666666666667,3,3.66666666666667,-0.666666666666667,5.16666666666667,2.5,2.66666666666667,4.1,4.4
"X283",4,4.25,0.25,1.33333333333333,3.66666666666667,-2.33333333333333,3.5,2.16666666666667,1.33333333333333,3.9,2.9
"X284",1,1.58333333333333,0.583333333333333,5,3.66666666666667,1.33333333333333,2.5,1,1.5,4.4,4.9
"X285",4,4.25,0.25,5.66666666666667,6,-0.333333333333333,5.33333333333333,5,0.333333333333333,3.9,3.8
"X286",3.5,4.08333333333333,0.583333333333333,4,3,1,4,4,0,3.6,3.8
"X287",2,2,0,2,2,0,3.66666666666667,2.33333333333333,1.33333333333333,2.7,2.2
"X288",2.5,4,1.5,2.66666666666667,4.33333333333333,-1.66666666666667,4.16666666666667,1.33333333333333,2.83333333333333,4.8,4
"X289",2.83333333333333,3.41666666666667,0.583333333333333,1,1,0,1.66666666666667,1,0.666666666666667,1.5,1.4
"X290",4.16666666666667,4.66666666666667,0.5,2,4.33333333333333,-2.33333333333333,3.66666666666667,2.33333333333333,1.33333333333333,4.4,4.2
"X291",2.5,5.16666666666667,2.66666666666667,2.66666666666667,4.66666666666667,-2,3,1.16666666666667,1.83333333333333,5.7,4.7
"X292",4.25,4.16666666666667,-0.083333333333333,6,5,1,3.16666666666667,1.5,1.66666666666667,6.4,6.7
"X293",3.58333333333333,3.66666666666667,0.083333333333333,3.33333333333333,4.33333333333333,-1,3.16666666666667,4,-0.833333333333333,4.3,3.9
"X294",1.41666666666667,1.41666666666667,0,3,3.33333333333333,-0.333333333333333,4.33333333333333,3.33333333333333,1,3.3,5.4
"X295",4.16666666666667,4.16666666666667,0,5.66666666666667,5,0.666666666666667,4,2.16666666666667,1.83333333333333,6.3,6.1
"X296",2.16666666666667,2,-0.166666666666667,2.66666666666667,2,0.666666666666667,2.33333333333333,1.66666666666667,0.666666666666667,2.3,2.8
"X297",4.58333333333333,4.58333333333333,0,3.33333333333333,3.33333333333333,0,2.33333333333333,1.5,0.833333333333333,5.6,5.8
"X298",1.58333333333333,3.5,1.91666666666667,2,3,-1,4,2,2,3.2,3
"X299",3.33333333333333,3.58333333333333,0.25,3.66666666666667,4,-0.333333333333333,4,1.16666666666667,2.83333333333333,4.2,4.9
"X300",5.41666666666667,5.41666666666667,0,4,5.33333333333333,-1.33333333333333,4.16666666666667,1.66666666666667,2.5,5.1,4.9
"X301",2.75,5.83333333333333,3.08333333333333,4.66666666666667,3,1.66666666666667,1.66666666666667,2.16666666666667,-0.5,5.2,5.2
"X302",1.5,1.16666666666667,-0.333333333333333,1.33333333333333,3,-1.66666666666667,2.5,2,0.5,3.4,2.7
"X303",1.16666666666667,2.75,1.58333333333333,2,2.33333333333333,-0.333333333333333,5.33333333333333,2.33333333333333,3,3,2.7
"X304",3,3.25,0.25,2,2.33333333333333,-0.333333333333333,2.66666666666667,2.5,0.166666666666667,2.5,3
"X305",3.83333333333333,3.83333333333333,0,3.33333333333333,3.33333333333333,0,4,3,1,3.5,4.2
"X306",3.83333333333333,4,0.166666666666667,4.66666666666667,4.66666666666667,0,4,2.5,1.5,4.5,4.5
"X307",1.91666666666667,2.58333333333333,0.666666666666667,2,4.66666666666667,-2.66666666666667,5.33333333333333,2.33333333333333,3,4.2,2.7
"X308",1.25,1,-0.25,2.33333333333333,2.66666666666667,-0.333333333333333,4,1.83333333333333,2.16666666666667,2.9,2.5
"X309",2.16666666666667,3.41666666666667,1.25,3.33333333333333,2.66666666666667,0.666666666666667,5.66666666666667,3.66666666666667,2,2.6,4.6
"X310",2.66666666666667,2.66666666666667,0,3.66666666666667,4.33333333333333,-0.666666666666667,4.5,2.5,2,3.6,4.1
"X311",3.75,2.91666666666667,-0.833333333333333,2.33333333333333,2.66666666666667,-0.333333333333333,3.5,1.83333333333333,1.66666666666667,2.9,3.2
"X312",2.75,1.25,-1.5,7,7,0,3.66666666666667,1.83333333333333,1.83333333333333,6.7,6.7
"X313",4.33333333333333,3.83333333333333,-0.5,5.66666666666667,5.66666666666667,0,5,5.16666666666667,-0.166666666666667,3.7,3.8
"X314",1.33333333333333,2.58333333333333,1.25,2.66666666666667,2.33333333333333,0.333333333333333,3.66666666666667,2.16666666666667,1.5,2.7,3.3
"X315",1.16666666666667,1.41666666666667,0.25,1,1.33333333333333,-0.333333333333333,2.83333333333333,1.5,1.33333333333333,1.3,1.1
"X316",2.66666666666667,3.41666666666667,0.75,4.66666666666667,4.66666666666667,0,5.16666666666667,2.33333333333333,2.83333333333333,5,5.1
"X317",3.33333333333333,3.75,0.416666666666667,4.66666666666667,3.66666666666667,1,4.33333333333333,1.83333333333333,2.5,4.1,3.7
"X318",2.33333333333333,2.25,-0.0833333333333335,2.66666666666667,1.66666666666667,1,4.66666666666667,2.16666666666667,2.5,2,3.2
"X319",3.91666666666667,3.91666666666667,0,3.33333333333333,3.66666666666667,-0.333333333333333,3.16666666666667,2,1.16666666666667,4,4.1
"X320",1,1.25,0.25,3.66666666666667,2,1.66666666666667,3.66666666666667,4,-0.333333333333333,2.5,3.9
"X321",1.66666666666667,2.16666666666667,0.5,4.66666666666667,7,-2.33333333333333,3,2.66666666666667,0.333333333333333,7,6.3
"X322",3.5,3.25,-0.25,3.66666666666667,4.66666666666667,-1,4,4.16666666666667,-0.166666666666667,4.4,3.5
"X323",3.58333333333333,4.66666666666667,1.08333333333333,2.33333333333333,6,-3.66666666666667,4,1.83333333333333,2.16666666666667,4.7,3.8
"X324",1,4,3,3,4,-1,4,2.5,1.5,3.9,5
"X325",2.16666666666667,2.33333333333333,0.166666666666667,1,1,0,6,2.5,3.5,1,1.9
"X326",4.41666666666667,3.41666666666667,-1,3.33333333333333,3,0.333333333333333,3.83333333333333,3.83333333333333,0,3.9,4
"X327",1.5,1.5,0,1,1.66666666666667,-0.666666666666667,3.33333333333333,1.66666666666667,1.66666666666667,1.5,1
"X328",1.16666666666667,1.58333333333333,0.416666666666667,1,1,0,3,1.33333333333333,1.66666666666667,1,1
"X329",3.83333333333333,4.16666666666667,0.333333333333333,4.66666666666667,3.66666666666667,1,4.33333333333333,1.5,2.83333333333333,3.8,4
"X330",2.25,2.5,0.25,5,5,0,3.83333333333333,2.16666666666667,1.66666666666667,4.9,5.4
"X331",2.16666666666667,3.08333333333333,0.916666666666667,1,1.66666666666667,-0.666666666666667,2.83333333333333,1.83333333333333,1,1.7,1.5
"X332",1,1,0,1,2,-1,3.33333333333333,1.83333333333333,1.5,2.1,1.1
"X333",3.66666666666667,4,0.333333333333333,6,6.33333333333333,-0.333333333333333,5.66666666666667,5.16666666666667,0.5,4.1,4
"X334",3.41666666666667,4.66666666666667,1.25,4,4,0,4,4,0,4,4
"X335",1.66666666666667,1.58333333333333,-0.0833333333333335,2.66666666666667,1.66666666666667,1,4,1.83333333333333,2.16666666666667,2.1,3.3
"X336",4.66666666666667,5.16666666666667,0.5,4,3,1,4.16666666666667,5,-0.833333333333333,5,5.5
"X337",1.16666666666667,2.33333333333333,1.16666666666667,1,2,-1,4.5,2.66666666666667,1.83333333333333,2.5,1.3
"X338",2.5,2.58333333333333,0.0833333333333335,1.66666666666667,2,-0.333333333333333,3.83333333333333,1.83333333333333,2,2.3,2.3
"X339",3.66666666666667,4.08333333333333,0.416666666666667,7,5.66666666666667,1.33333333333333,4.33333333333333,3,1.33333333333333,5.5,6.6
"X340",3,3,0,2.33333333333333,3,-0.666666666666667,4,2.83333333333333,1.16666666666667,3.3,3.1
"X341",2,2.5,0.5,5,4,1,5,4.33333333333333,0.666666666666667,3.7,3.4
"X342",4,5.08333333333333,1.08333333333333,3,4,-1,3.5,1.33333333333333,2.16666666666667,3.9,3.4
"X343",4.16666666666667,5.41666666666667,1.25,2,5.33333333333333,-3.33333333333333,6,2,4,4.5,1.8
"X344",1.25,1.08333333333333,-0.166666666666667,1,1.66666666666667,-0.666666666666667,3.5,1,2.5,2,1.6
"X345",4.25,6.33333333333333,2.08333333333333,2.33333333333333,2.66666666666667,-0.333333333333333,4.66666666666667,2.5,2.16666666666667,3.4,3.6
"X346",4.08333333333333,4.08333333333333,0,3.66666666666667,3,0.666666666666667,3.33333333333333,2.33333333333333,1,3.7,4.4
"X347",2.33333333333333,3.75,1.41666666666667,3,4,-1,5.5,2.33333333333333,3.16666666666667,5.2,4.6
"X348",2.66666666666667,5.75,3.08333333333333,6.66666666666667,5.33333333333333,1.33333333333333,4.66666666666667,2.83333333333333,1.83333333333333,5.9,6.6
"X349",2.75,2.75,0,3.33333333333333,3.33333333333333,0,4.33333333333333,2.83333333333333,1.5,4.4,4.6
"X350",2.08333333333333,2.91666666666667,0.833333333333333,2.33333333333333,3,-0.666666666666667,4,3.33333333333333,0.666666666666667,3.9,3.7
"X351",2.58333333333333,7,4.41666666666667,7,6,1,3.33333333333333,6.33333333333333,-3,6.4,6.9
"X352",2.16666666666667,4.5,2.33333333333333,2,2.33333333333333,-0.333333333333333,2.83333333333333,2,0.833333333333333,3.7,3.4
"X353",2.91666666666667,5.66666666666667,2.75,1.33333333333333,3.33333333333333,-2,6.16666666666667,1,5.16666666666667,2.5,2.6
"X354",1,1,0,1,1,0,3,1,2,1,1
"X355",2.08333333333333,3.91666666666667,1.83333333333333,3,3.33333333333333,-0.333333333333333,2.16666666666667,1,1.16666666666667,4.1,4
"X356",5,5.16666666666667,0.166666666666667,3.33333333333333,4,-0.666666666666667,3.16666666666667,2.16666666666667,1,5.3,5.3
"X357",2.41666666666667,4.08333333333333,1.66666666666667,1.66666666666667,3.33333333333333,-1.66666666666667,5.83333333333333,1.33333333333333,4.5,3.6,2.1
"X358",1.91666666666667,2.25,0.333333333333333,1.66666666666667,1,0.666666666666667,3.83333333333333,1.66666666666667,2.16666666666667,1,2
"X359",1,2.75,1.75,5.66666666666667,6.66666666666667,-1,4.83333333333333,2,2.83333333333333,6.5,5.8
"X360",3.16666666666667,3.41666666666667,0.25,1.33333333333333,2.33333333333333,-1,5.33333333333333,1.33333333333333,4,3.3,2.1
"X361",1.33333333333333,1.41666666666667,0.0833333333333335,1.66666666666667,2,-0.333333333333333,2.5,1.33333333333333,1.16666666666667,2.2,2.7
"X362",4.25,4.08333333333333,-0.166666666666667,5.33333333333333,6,-0.666666666666667,5.66666666666667,5.16666666666667,0.5,3.8,4
"X363",3.5,3.5,0,3.66666666666667,4,-0.333333333333333,6,3.5,2.5,5.4,5.7
"X364",2,2.5,0.5,2,4.66666666666667,-2.66666666666667,5,3.33333333333333,1.66666666666667,4.5,2.9
"X365",1,1.75,0.75,1,1.66666666666667,-0.666666666666667,3,1.16666666666667,1.83333333333333,1.6,1.1
"X366",1.08333333333333,1.16666666666667,0.0833333333333335,1,1,0,2.33333333333333,1.5,0.833333333333333,1.3,1.2
"X367",4.33333333333333,4.08333333333333,-0.25,6,5.33333333333333,0.666666666666667,5.33333333333333,5,0.333333333333333,3.9,4.2
"X368",6.75,6.75,0,2.33333333333333,3,-0.666666666666667,2.83333333333333,2.66666666666667,0.166666666666667,5.3,4.9
"X369",3.16666666666667,4.91666666666667,1.75,1.66666666666667,1.66666666666667,0,3.33333333333333,2.66666666666667,0.666666666666667,2.8,3.1
"X370",1,1,0,1,1,0,2.66666666666667,1.33333333333333,1.33333333333333,1,1.4
"X371",5.25,5.25,0,4.66666666666667,3,1.66666666666667,3,1,2,4.8,5.4
"X372",2,2.33333333333333,0.333333333333333,2,5.33333333333333,-3.33333333333333,2.83333333333333,1.16666666666667,1.66666666666667,5.6,3
"X373",3.33333333333333,3.25,-0.0833333333333335,4.33333333333333,4.33333333333333,0,4.16666666666667,1.83333333333333,2.33333333333333,4.8,5.2
"X374",2.41666666666667,3.33333333333333,0.916666666666667,3.33333333333333,3.33333333333333,0,2.83333333333333,1,1.83333333333333,3.9,4.3
"X375",3,5.41666666666667,2.41666666666667,6,5,1,4.5,2.5,2,5.1,5.9
"X376",4.08333333333333,3.83333333333333,-0.25,6.66666666666667,6,0.666666666666667,5.5,6,-0.5,4.2,4
"X377",3.41666666666667,4,0.583333333333333,3.33333333333333,4.66666666666667,-1.33333333333333,3.33333333333333,2.5,0.833333333333333,4.4,3.7
"X378",4,4,0,5,5,0,4.66666666666667,4.83333333333333,-0.166666666666666,4,4
"X379",1.33333333333333,1.25,-0.0833333333333333,1.33333333333333,1,0.333333333333333,4,1,3,1,1.1
"X380",2,2,0,2,2.66666666666667,-0.666666666666667,4,2.33333333333333,1.66666666666667,2.3,2.3
"X381",1,1,0,2,1.66666666666667,0.333333333333333,6,1,5,1.5,1.7
"X382",3.33333333333333,5.33333333333333,2,1.33333333333333,5.33333333333333,-4,5.16666666666667,1.16666666666667,4,4.4,1.8
"X383",1.75,2.16666666666667,0.416666666666667,2.66666666666667,3,-0.333333333333333,4.16666666666667,2.33333333333333,1.83333333333333,2.7,2.6
"X384",3.66666666666667,3.75,0.0833333333333335,4.33333333333333,5,-0.666666666666667,4.5,4.66666666666667,-0.166666666666667,4.3,3.9
"X385",1.91666666666667,3.16666666666667,1.25,2,3.33333333333333,-1.33333333333333,3.5,2.33333333333333,1.16666666666667,3,2.9
"X386",1.16666666666667,1.58333333333333,0.416666666666667,1.33333333333333,1,0.333333333333333,2.16666666666667,1.5,0.666666666666667,2,1.9
"X387",2,3.75,1.75,2.66666666666667,4,-1.33333333333333,4.16666666666667,1.66666666666667,2.5,4.3,4.1
"X388",2.75,3.75,1,3.66666666666667,3.66666666666667,0,3.83333333333333,2,1.83333333333333,5.4,5.2
"X389",4.16666666666667,4.16666666666667,0,6.33333333333333,5.66666666666667,0.666666666666666,5.33333333333333,5.66666666666667,-0.333333333333334,3.6,3.9
"X390",3.75,3.41666666666667,-0.333333333333333,5,5,0,4.5,5.66666666666667,-1.16666666666667,3.9,3
"X391",3.41666666666667,4.58333333333333,1.16666666666667,4,3.33333333333333,0.666666666666667,2.16666666666667,1.5,0.666666666666667,5.1,5.3
"X392",2.5,2.75,0.25,2.33333333333333,2.33333333333333,0,5.5,2.66666666666667,2.83333333333333,2.3,2.3
"X393",3.75,4.16666666666667,0.416666666666667,4.33333333333333,4.66666666666667,-0.333333333333334,4.33333333333333,5,-0.666666666666667,3.7,3.8
"X394",2.66666666666667,4.58333333333333,1.91666666666667,6,6,0,4.5,2.16666666666667,2.33333333333333,5.2,6.1
"X395",3.5,5.33333333333333,1.83333333333333,6,5,1,2.33333333333333,1.83333333333333,0.5,4.6,5.3
"X396",3.33333333333333,3.91666666666667,0.583333333333333,4,5.33333333333333,-1.33333333333333,5,1.5,3.5,4.6,4.2
"X397",3.58333333333333,3.5,-0.0833333333333335,4.66666666666667,4.66666666666667,0,3.5,2.5,1,5.2,4.9
"X398",2.33333333333333,2.16666666666667,-0.166666666666667,6.33333333333333,2.33333333333333,4,4.33333333333333,2.83333333333333,1.5,2.7,5.6
"X399",3.16666666666667,3.83333333333333,0.666666666666667,4,4,0,4,4,0,4,3.9
"X400",2.83333333333333,3.33333333333333,0.5,3,5,-2,4.66666666666667,1.16666666666667,3.5,5,4.1
"X401",4.16666666666667,6.08333333333333,1.91666666666667,1,5.66666666666667,-4.66666666666667,5.66666666666667,2,3.66666666666667,6,5.2
"X402",2.41666666666667,2.66666666666667,0.25,2.66666666666667,3,-0.333333333333333,3.5,2.83333333333333,0.666666666666667,4.1,4
"X403",1.75,3.66666666666667,1.91666666666667,4.66666666666667,5.33333333333333,-0.666666666666666,3.16666666666667,2.66666666666667,0.5,5,5
"X404",3.16666666666667,4.66666666666667,1.5,2.33333333333333,3.66666666666667,-1.33333333333333,2.83333333333333,1.16666666666667,1.66666666666667,4.9,5
"X405",2.33333333333333,4.41666666666667,2.08333333333333,2.66666666666667,4.66666666666667,-2,5.83333333333333,2,3.83333333333333,4.1,3.5
"X406",3.58333333333333,4.08333333333333,0.5,3.66666666666667,5.33333333333333,-1.66666666666667,4.5,1.66666666666667,2.83333333333333,4.4,4.7
"X407",1.58333333333333,1.33333333333333,-0.25,2.33333333333333,2.66666666666667,-0.333333333333333,5,3.33333333333333,1.66666666666667,3.4,2.4
"X408",2.5,3,0.5,2,2,0,3.16666666666667,1.66666666666667,1.5,3.7,4.2
"X409",1.66666666666667,2.66666666666667,1,1,2,-1,2.83333333333333,1,1.83333333333333,2.4,2
"X410",2.83333333333333,2.58333333333333,-0.25,2,2.33333333333333,-0.333333333333333,5,2.33333333333333,2.66666666666667,2.5,2
"X411",2.25,3.83333333333333,1.58333333333333,2.33333333333333,2.66666666666667,-0.333333333333333,2.83333333333333,1.5,1.33333333333333,3.4,3.4
"X412",1.5,2,0.5,2.33333333333333,2.66666666666667,-0.333333333333333,3.5,2.33333333333333,1.16666666666667,2.9,2.1
"X413",2.08333333333333,2,-0.0833333333333335,3,3.66666666666667,-0.666666666666667,3.16666666666667,3,0.166666666666667,4.7,3.7
"X414",1.08333333333333,1,-0.0833333333333333,1,2,-1,2.5,1.83333333333333,0.666666666666667,2.7,1.6
"X415",4.66666666666667,7,2.33333333333333,1,7,-6,7,2,5,7,4.1
"X416",4.25,4.58333333333333,0.333333333333333,4,4.33333333333333,-0.333333333333333,4.33333333333333,4.16666666666667,0.166666666666666,4,3.7
"X417",4.75,4.75,0,6,6,0,4.16666666666667,2.83333333333333,1.33333333333333,6.5,6.5
"X418",5.33333333333333,5.66666666666667,0.333333333333334,4.33333333333333,1.66666666666667,2.66666666666667,3.33333333333333,2.5,0.833333333333333,3.7,4.6
"X419",4.25,4.41666666666667,0.166666666666667,5.66666666666667,6.33333333333333,-0.666666666666666,5.33333333333333,5.33333333333333,0,3.9,4.4
"X420",5.08333333333333,6.08333333333333,1,5.66666666666667,5.66666666666667,0,3.5,1.5,2,5.8,6.6
"X421",3.41666666666667,3.41666666666667,0,1.66666666666667,2.33333333333333,-0.666666666666667,5.16666666666667,2.66666666666667,2.5,3.4,2.7
"X422",1.66666666666667,2.25,0.583333333333333,1.33333333333333,4.33333333333333,-3,4.83333333333333,2,2.83333333333333,4,2.4
"X423",2.08333333333333,5,2.91666666666667,3.66666666666667,3.66666666666667,0,3.33333333333333,1.83333333333333,1.5,3.3,4
"X424",1.66666666666667,1.16666666666667,-0.5,1,3,-2,3.66666666666667,1.33333333333333,2.33333333333333,2.7,1.5
"X425",1.5,1.66666666666667,0.166666666666667,4.33333333333333,7,-2.66666666666667,3.33333333333333,1.66666666666667,1.66666666666667,6.7,5.2
"X426",3.83333333333333,3.66666666666667,-0.166666666666667,3.66666666666667,4,-0.333333333333333,4.33333333333333,4.33333333333333,0,3.8,4.3
"X427",2.83333333333333,4.08333333333333,1.25,2.66666666666667,4.66666666666667,-2,5.5,2.16666666666667,3.33333333333333,4.9,3.9
"X428",4.33333333333333,4.08333333333333,-0.25,4,5,-1,3.83333333333333,3,0.833333333333333,5.5,5.3
"X429",4.75,5.5,0.75,5.33333333333333,5,0.333333333333333,3.5,1.33333333333333,2.16666666666667,5.8,5.9
"X430",3.75,4.16666666666667,0.416666666666667,4.66666666666667,5,-0.333333333333333,5.16666666666667,4.66666666666667,0.5,3.6,3.7
"X431",1.91666666666667,1.91666666666667,0,2.66666666666667,2,0.666666666666667,3.83333333333333,2.66666666666667,1.16666666666667,3.5,3.6
"X432",2.16666666666667,2.33333333333333,0.166666666666667,1,1.66666666666667,-0.666666666666667,3.33333333333333,1.5,1.83333333333333,1.6,1.6
"X433",4.25,5.58333333333333,1.33333333333333,4,5,-1,2.83333333333333,2.66666666666667,0.166666666666667,6.1,5.8
"X434",2.58333333333333,3.5,0.916666666666667,1,2.66666666666667,-1.66666666666667,5.16666666666667,1.16666666666667,4,1.7,1.2
"X435",2.83333333333333,3,0.166666666666667,3.66666666666667,1.66666666666667,2,3.5,2.5,1,1.8,4.4
"X436",4.25,4.83333333333333,0.583333333333333,3.66666666666667,3.33333333333333,0.333333333333333,5.66666666666667,2,3.66666666666667,3.9,4.7
"X437",2,2.25,0.25,2.33333333333333,4.33333333333333,-2,4.16666666666667,1.16666666666667,3,4,3.6
"X438",3.25,4,0.75,3.33333333333333,4.33333333333333,-1,5,2.33333333333333,2.66666666666667,3.8,4.5
"X439",1,1.08333333333333,0.0833333333333333,1.33333333333333,4,-2.66666666666667,5.16666666666667,2.16666666666667,3,3.7,1.9
"X440",3,4.91666666666667,1.91666666666667,3.66666666666667,3.33333333333333,0.333333333333333,6.5,3.33333333333333,3.16666666666667,3.1,3.6
"X441",1.75,2.41666666666667,0.666666666666667,2.33333333333333,2.66666666666667,-0.333333333333333,3.5,1.33333333333333,2.16666666666667,3.2,3.3
"X442",1,1,0,4.66666666666667,3,1.66666666666667,4.66666666666667,2.16666666666667,2.5,2.5,4
"X443",1,1,0,1.33333333333333,2,-0.666666666666667,4,3.16666666666667,0.833333333333333,2.1,1.2
"X444",3.75,3.5,-0.25,6,5,1,5.66666666666667,5,0.666666666666667,3.6,4.2
"X445",4,4.25,0.25,5,6,-1,3.83333333333333,2.33333333333333,1.5,5.8,5.3
"X446",3.5,4.08333333333333,0.583333333333333,3.33333333333333,4,-0.666666666666667,3.66666666666667,1.66666666666667,2,3.9,4.6
"X447",3.75,4.33333333333333,0.583333333333333,3.66666666666667,4.33333333333333,-0.666666666666667,4.66666666666667,2,2.66666666666667,3.9,4
"X448",1.75,2.25,0.5,1,3.33333333333333,-2.33333333333333,4.5,1.16666666666667,3.33333333333333,2.5,1.6
"X449",1.66666666666667,2.08333333333333,0.416666666666667,1.66666666666667,1.33333333333333,0.333333333333333,2.83333333333333,1.33333333333333,1.5,1.6,1.6
"X450",1.33333333333333,2.5,1.16666666666667,1.33333333333333,1.66666666666667,-0.333333333333333,4,1.66666666666667,2.33333333333333,1.5,1.4
"X451",4.91666666666667,5.66666666666667,0.75,3,5.33333333333333,-2.33333333333333,5,2.83333333333333,2.16666666666667,4.8,3.6
"X452",1.16666666666667,4.5,3.33333333333333,3.33333333333333,5.33333333333333,-2,4.66666666666667,1,3.66666666666667,5.4,5
"X453",3.83333333333333,5.41666666666667,1.58333333333333,2.33333333333333,4,-1.66666666666667,4.16666666666667,2.5,1.66666666666667,4.4,4
"X454",1.41666666666667,2.08333333333333,0.666666666666667,1,2.33333333333333,-1.33333333333333,3.33333333333333,1.33333333333333,2,1.8,1.1
"X455",2.83333333333333,3.58333333333333,0.75,3.66666666666667,3.33333333333333,0.333333333333333,1.83333333333333,1.66666666666667,0.166666666666667,4.4,4.6
"X456",4.08333333333333,3.5,-0.583333333333333,6,6.66666666666667,-0.666666666666667,5.83333333333333,5.16666666666667,0.666666666666666,4.6,4
"X457",2.83333333333333,3.5,0.666666666666667,3,4.66666666666667,-1.66666666666667,3.16666666666667,2.16666666666667,1,5.6,5.1
"X458",2.66666666666667,3.75,1.08333333333333,7,7,0,4.33333333333333,1.5,2.83333333333333,6.4,7
"X459",1.33333333333333,3.66666666666667,2.33333333333333,3.66666666666667,1.66666666666667,2,5,2,3,1.5,2.3
"X460",3.25,3.41666666666667,0.166666666666667,4.33333333333333,3.33333333333333,1,2.33333333333333,1.83333333333333,0.5,5.6,6.2
"X461",1,1.41666666666667,0.416666666666667,1,2,-1,2.5,1.83333333333333,0.666666666666667,1.8,1.1
"X462",2,2.33333333333333,0.333333333333333,3,2,1,4,1.33333333333333,2.66666666666667,2.8,4.4
"X463",2.66666666666667,2.5,-0.166666666666667,2.33333333333333,2.33333333333333,0,3,2.16666666666667,0.833333333333333,3.4,4.3
"X464",1.58333333333333,4,2.41666666666667,1.33333333333333,2,-0.666666666666667,3,1,2,2.5,1.8
"X465",2.66666666666667,5.16666666666667,2.5,1.33333333333333,2,-0.666666666666667,3.16666666666667,2.33333333333333,0.833333333333333,2.1,1.5
"X466",2.08333333333333,3.83333333333333,1.75,1.66666666666667,3.66666666666667,-2,3.66666666666667,3,0.666666666666667,3.7,2.4
"X467",3.83333333333333,3.91666666666667,0.083333333333333,5.66666666666667,6.66666666666667,-1,5.16666666666667,5.83333333333333,-0.666666666666666,4.4,4.2
"X468",2,2,0,2.66666666666667,3,-0.333333333333333,4.5,2.66666666666667,1.83333333333333,3,3.2
"X469",3.91666666666667,5.41666666666667,1.5,1,1,0,3.5,1.16666666666667,2.33333333333333,1.4,1.6
"X470",1,2.16666666666667,1.16666666666667,1,1,0,2.83333333333333,1,1.83333333333333,1,1
"X471",1.66666666666667,4.25,2.58333333333333,2,2.66666666666667,-0.666666666666667,5,1.16666666666667,3.83333333333333,1.9,1.7
"X472",1,1,0,1,1,0,3.66666666666667,1.5,2.16666666666667,1.4,1.3
"X473",4.75,4.91666666666667,0.166666666666667,3,3.66666666666667,-0.666666666666667,3,1.33333333333333,1.66666666666667,3.9,3.4
"X474",1.25,2,0.75,1,1,0,2.83333333333333,1.66666666666667,1.16666666666667,1,1
"X475",2,4.16666666666667,2.16666666666667,2,2,0,4.16666666666667,2.83333333333333,1.33333333333333,2.3,2.1
"X476",3,3,0,2.66666666666667,2.66666666666667,0,4.33333333333333,2.33333333333333,2,3.9,4.5
"X477",6.16666666666667,7,0.833333333333333,5,7,-2,7,1,6,7,6.4
"X478",4.41666666666667,4.33333333333333,-0.0833333333333339,4,5,-1,4.5,4,0.5,4.3,4
"X479",1.66666666666667,1.58333333333333,-0.0833333333333335,2,2.33333333333333,-0.333333333333333,2.83333333333333,2,0.833333333333333,2.8,2.6
"X480",4,4,0,3.66666666666667,4,-0.333333333333333,3.83333333333333,3.5,0.333333333333333,4.4,4.1
"X481",2.25,2.83333333333333,0.583333333333333,3,3,0,3.83333333333333,2.66666666666667,1.16666666666667,3.2,2.9
"X482",1.25,3.41666666666667,2.16666666666667,1,2,-1,3.66666666666667,1,2.66666666666667,2,1.7
"X483",2.25,2.58333333333333,0.333333333333333,2.33333333333333,3.33333333333333,-1,2.83333333333333,1.66666666666667,1.16666666666667,3.6,3.5
"X484",3.91666666666667,4,0.0833333333333335,6.33333333333333,5.66666666666667,0.666666666666666,5.66666666666667,5.16666666666667,0.5,4.2,4.4
"X485",4.91666666666667,5,0.083333333333333,5.66666666666667,4,1.66666666666667,4.83333333333333,4.66666666666667,0.166666666666666,3.9,4.6
"X486",4.33333333333333,4.58333333333333,0.25,4.66666666666667,3,1.66666666666667,4.83333333333333,4.83333333333333,0,4,4.6
"X487",1.5,2.91666666666667,1.41666666666667,1,1,0,4.33333333333333,1,3.33333333333333,1.1,1.1
"X488",4.25,4,-0.25,2.33333333333333,4,-1.66666666666667,2.66666666666667,3,-0.333333333333333,4,4.2
"X489",1,1.25,0.25,1.66666666666667,2,-0.333333333333333,3.83333333333333,2,1.83333333333333,2.9,2.7
"X490",3.08333333333333,3.83333333333333,0.75,4.33333333333333,4,0.333333333333333,2.66666666666667,1.16666666666667,1.5,3.7,5.2
"X491",3.25,6,2.75,4,4.66666666666667,-0.666666666666667,3.5,2.66666666666667,0.833333333333333,5.6,5
"X492",1.66666666666667,1.66666666666667,0,1.33333333333333,1,0.333333333333333,2.83333333333333,1.16666666666667,1.66666666666667,2.6,2.5
"X493",5,4.5,-0.5,6,6,0,3.5,2.5,1,5.4,5.2
"X494",5,5.91666666666667,0.916666666666667,1,2.33333333333333,-1.33333333333333,3.66666666666667,1.16666666666667,2.5,2.6,1.9
"X495",1.83333333333333,2.33333333333333,0.5,1.33333333333333,1.33333333333333,0,3.33333333333333,1.33333333333333,2,2,2.7
"X496",1.75,2.25,0.5,2,2.66666666666667,-0.666666666666667,4.83333333333333,2,2.83333333333333,1.7,1.3
"X497",2.91666666666667,4,1.08333333333333,2,2.66666666666667,-0.666666666666667,4.16666666666667,3.5,0.666666666666667,4,3.1
"X498",2,7,5,5,3.66666666666667,1.33333333333333,3,2.16666666666667,0.833333333333333,4.7,5.3
"X499",4.91666666666667,5.25,0.333333333333333,3,6,-3,3.83333333333333,2.5,1.33333333333333,6,4.9
"X500",3,4.66666666666667,1.66666666666667,5,5,0,5,1.83333333333333,3.16666666666667,4.9,5.1
"X501",2.08333333333333,4.75,2.66666666666667,5.33333333333333,6.66666666666667,-1.33333333333333,6.5,1.83333333333333,4.66666666666667,5,5.3
"X502",4.08333333333333,4.41666666666667,0.333333333333334,2.66666666666667,3,-0.333333333333333,4.83333333333333,2.16666666666667,2.66666666666667,3.3,3.7
"X503",3.66666666666667,3,-0.666666666666667,3.66666666666667,4,-0.333333333333333,3.66666666666667,4.16666666666667,-0.5,3.5,3.6
"X504",4,4.41666666666667,0.416666666666667,4,5,-1,5.16666666666667,2.66666666666667,2.5,5.4,4.6
"X505",5,5,0,4.66666666666667,4.66666666666667,0,2.33333333333333,2.16666666666667,0.166666666666667,5.6,5.6
"X506",1,3.08333333333333,2.08333333333333,2,2,0,4.5,2.33333333333333,2.16666666666667,2.1,2.7
"X507",2.5,2.41666666666667,-0.0833333333333335,2,4.33333333333333,-2.33333333333333,4.16666666666667,1.66666666666667,2.5,3.7,2.1
"X508",1.66666666666667,2.33333333333333,0.666666666666667,2,2,0,3.66666666666667,2,1.66666666666667,2.2,2.4
"X509",3.91666666666667,5.08333333333333,1.16666666666667,2.66666666666667,4.66666666666667,-2,4.5,2.33333333333333,2.16666666666667,3.9,3.8
"X510",4.5,4.58333333333333,0.083333333333333,6.33333333333333,6.33333333333333,0,6,5.66666666666667,0.333333333333333,3.9,3.9
"X511",6.58333333333333,4.91666666666667,-1.66666666666667,1,1,0,1,1.33333333333333,-0.333333333333333,3.5,3
"X512",2.58333333333333,2.5,-0.0833333333333335,2.33333333333333,2,0.333333333333333,5.5,2.16666666666667,3.33333333333333,2,2.5
"X513",3.41666666666667,3.75,0.333333333333333,1,3.33333333333333,-2.33333333333333,4.16666666666667,2.83333333333333,1.33333333333333,2,1.4
"X514",2.5,4.41666666666667,1.91666666666667,2.66666666666667,5.33333333333333,-2.66666666666667,4.5,1.83333333333333,2.66666666666667,5,3.4
"X515",2.41666666666667,4.75,2.33333333333333,2.66666666666667,4.33333333333333,-1.66666666666667,4.33333333333333,2,2.33333333333333,3.4,2.4
"X516",2.83333333333333,3.16666666666667,0.333333333333333,3,3,0,1.33333333333333,1.16666666666667,0.166666666666667,3.8,3.7
"X517",1,1.75,0.75,1,2,-1,6.33333333333333,1,5.33333333333333,2.3,1.9
"X518",5.25,4.75,-0.5,1.33333333333333,3.66666666666667,-2.33333333333333,5.83333333333333,2.5,3.33333333333333,2.5,2.4
"X519",1.5,1.08333333333333,-0.416666666666667,1,2,-1,4.5,2,2.5,1.6,1.2
"X520",1.25,4.08333333333333,2.83333333333333,1.33333333333333,1,0.333333333333333,4.33333333333333,1.83333333333333,2.5,1,1.2
"X521",1.58333333333333,2.83333333333333,1.25,2,3,-1,5.16666666666667,2.16666666666667,3,3.8,2.9
"X522",4.16666666666667,3.91666666666667,-0.25,6,6.66666666666667,-0.666666666666667,3.83333333333333,4.83333333333333,-1,4.4,4.1
"X523",1.16666666666667,1.75,0.583333333333333,1.33333333333333,1.66666666666667,-0.333333333333333,2.33333333333333,1.5,0.833333333333333,1.8,1.7
"X524",3.58333333333333,4.41666666666667,0.833333333333333,5,7,-2,2.83333333333333,1.5,1.33333333333333,6.4,6.1
"X525",2.16666666666667,3.16666666666667,1,1.33333333333333,1.66666666666667,-0.333333333333333,2.5,1.66666666666667,0.833333333333333,2,1.8
"X526",4.58333333333333,3.66666666666667,-0.916666666666667,5.33333333333333,4.33333333333333,1,3.83333333333333,4.83333333333333,-1,3.9,4.3
"X527",3.41666666666667,4.58333333333333,1.16666666666667,2.33333333333333,3.33333333333333,-1,2.5,2,0.5,3.6,3.1
"X528",2.16666666666667,2.83333333333333,0.666666666666667,2.33333333333333,2,0.333333333333333,1.16666666666667,1.16666666666667,0,2.2,2.8
"X529",1.91666666666667,2.33333333333333,0.416666666666667,2.33333333333333,2.66666666666667,-0.333333333333333,4.66666666666667,2.33333333333333,2.33333333333333,1.8,2.2
"X530",4.33333333333333,4.66666666666667,0.333333333333334,5,4.33333333333333,0.666666666666667,4.33333333333333,4.5,-0.166666666666667,3.9,4.4
"X531",3.25,3.16666666666667,-0.0833333333333335,7,4.66666666666667,2.33333333333333,2.66666666666667,5.16666666666667,-2.5,5.8,6.8
"X532",3.33333333333333,3.91666666666667,0.583333333333333,2.66666666666667,4.33333333333333,-1.66666666666667,4,1.83333333333333,2.16666666666667,4.2,3.6
"X533",1.25,3.75,2.5,4.66666666666667,6.66666666666667,-2,5.5,1.83333333333333,3.66666666666667,4.7,5.2
"X534",3.33333333333333,6.08333333333333,2.75,2.66666666666667,6.66666666666667,-4,5.16666666666667,1.66666666666667,3.5,5.5,3.1
"X535",3.83333333333333,4.08333333333333,0.25,3,1,2,6.33333333333333,2.33333333333333,4,2.2,4.8
"X536",1,2.33333333333333,1.33333333333333,5,1.66666666666667,3.33333333333333,3,1.83333333333333,1.16666666666667,2.4,5
"X537",1,1,0,2.33333333333333,2.66666666666667,-0.333333333333333,5,2.33333333333333,2.66666666666667,1.7,1.6
"X538",5.5,5.5,0,4,4,0,4,4,0,4,4
"X539",1.75,1.83333333333333,0.0833333333333333,1,1,0,4,1.83333333333333,2.16666666666667,1.7,1.8
"X540",4.08333333333333,5.33333333333333,1.25,3.66666666666667,2.66666666666667,1,2.66666666666667,3.16666666666667,-0.5,3.5,3.8
"X541",4.66666666666667,5,0.333333333333333,5.33333333333333,6,-0.666666666666667,5.5,1.66666666666667,3.83333333333333,6.5,6
"X542",1.5,1.58333333333333,0.0833333333333333,1.33333333333333,2,-0.666666666666667,4.16666666666667,2.66666666666667,1.5,2.6,1.9
"X543",1,1.08333333333333,0.0833333333333333,1,2.33333333333333,-1.33333333333333,4.16666666666667,1.83333333333333,2.33333333333333,1.8,1.7
"X544",2,4,2,1,3.33333333333333,-2.33333333333333,3,2.16666666666667,0.833333333333333,4.5,2.1
"X545",1.58333333333333,3.75,2.16666666666667,3.66666666666667,4,-0.333333333333333,4,2,2,5.2,4.9
"X546",3.91666666666667,4.25,0.333333333333333,6,6,0,5.33333333333333,5.33333333333333,0,3.7,4.4
"X547",4.33333333333333,4.25,-0.083333333333333,4,4.33333333333333,-0.333333333333333,4.5,4.83333333333333,-0.333333333333333,3.8,3.6
"X548",3.91666666666667,4.58333333333333,0.666666666666667,1.66666666666667,3.33333333333333,-1.66666666666667,5.83333333333333,1.5,4.33333333333333,2.5,1.9
"X549",3.91666666666667,4.08333333333333,0.166666666666667,3.66666666666667,4.33333333333333,-0.666666666666667,3.66666666666667,3.66666666666667,0,4.1,3.8
"X550",1,1,0,1,2,-1,4.5,2,2.5,1.3,1
"X551",1.83333333333333,5,3.16666666666667,2.33333333333333,6.33333333333333,-4,4.16666666666667,1.5,2.66666666666667,5.7,3.5
"X552",1.66666666666667,1.83333333333333,0.166666666666667,1.66666666666667,1.66666666666667,0,2.83333333333333,2.16666666666667,0.666666666666667,2.1,2.2
"X553",5.08333333333333,6.25,1.16666666666667,6.33333333333333,5,1.33333333333333,2.83333333333333,2,0.833333333333333,6,6.5
"X554",1,5.33333333333333,4.33333333333333,1,1.66666666666667,-0.666666666666667,3.16666666666667,1.33333333333333,1.83333333333333,2,1.2
"X555",2.66666666666667,4.91666666666667,2.25,2.33333333333333,3,-0.666666666666667,2.66666666666667,2.83333333333333,-0.166666666666667,4.3,2.8
"X556",3,3.25,0.25,1,2.33333333333333,-1.33333333333333,6.16666666666667,1.5,4.66666666666667,1.7,1.8
"X557",1,1.66666666666667,0.666666666666667,1,1.33333333333333,-0.333333333333333,2.16666666666667,1.5,0.666666666666667,1.1,1
"X558",4.08333333333333,3.83333333333333,-0.25,6.66666666666667,7,-0.333333333333333,4.33333333333333,3,1.33333333333333,4.5,4.7
"X559",1,1,0,1,1,0,4.16666666666667,1.33333333333333,2.83333333333333,1.1,1
"X560",1.66666666666667,2.25,0.583333333333333,1,1,0,2.83333333333333,1.83333333333333,1,1.2,1.2
"X561",2.5,4.66666666666667,2.16666666666667,5.66666666666667,4.33333333333333,1.33333333333333,5.33333333333333,1.66666666666667,3.66666666666667,3.6,4.8
"X562",3.33333333333333,4.16666666666667,0.833333333333333,5,4.66666666666667,0.333333333333333,3.83333333333333,2.33333333333333,1.5,4.8,4.7
"X563",3,3.83333333333333,0.833333333333333,3.66666666666667,4.66666666666667,-1,4.33333333333333,2,2.33333333333333,4,3.6
"X564",6.83333333333333,7,0.166666666666667,4,7,-3,2.66666666666667,1.5,1.16666666666667,7,5.7
"X565",5.33333333333333,4.33333333333333,-1,4.66666666666667,5.33333333333333,-0.666666666666666,5,5,0,4,4.3
"X566",3.16666666666667,3.66666666666667,0.5,1.33333333333333,3.33333333333333,-2,3.16666666666667,1,2.16666666666667,3.3,3.4
"X567",4.83333333333333,4.91666666666667,0.0833333333333339,5.33333333333333,5.33333333333333,0,4.83333333333333,2.16666666666667,2.66666666666667,5.3,4.8
"X568",1.5,2.16666666666667,0.666666666666667,1,1,0,2.5,1.33333333333333,1.16666666666667,1,1.4
"X569",4,4.16666666666667,0.166666666666667,3.66666666666667,3.66666666666667,0,4,3.33333333333333,0.666666666666667,4.4,4
"X570",1,5.58333333333333,4.58333333333333,1,5,-4,7,1,6,2.4,1
"X571",2.25,2.75,0.5,5,6,-1,3.66666666666667,1.66666666666667,2,5.6,5
"X572",7,7,0,7,7,0,1,1,0,7,7
"X573",4.25,4.08333333333333,-0.166666666666667,3.66666666666667,2.33333333333333,1.33333333333333,3.33333333333333,3.5,-0.166666666666667,4.1,4.2
"X574",3.91666666666667,3.91666666666667,0,3.33333333333333,3,0.333333333333333,4,4.5,-0.5,3.9,3.6
"X575",3.5,3.66666666666667,0.166666666666667,6.66666666666667,6,0.666666666666667,5.33333333333333,5.33333333333333,0,4.1,4.2
"X576",4,4,0,6,5.66666666666667,0.333333333333333,5.66666666666667,5.66666666666667,0,3.6,4.4
"X577",4,4.08333333333333,0.083333333333333,2.33333333333333,3.33333333333333,-1,4.83333333333333,3.5,1.33333333333333,4.1,4.2
"X578",2.75,3.5,0.75,1.33333333333333,3,-1.66666666666667,5.16666666666667,1.66666666666667,3.5,2.8,1.3
"X579",3.91666666666667,3.75,-0.166666666666667,5.33333333333333,5,0.333333333333333,5,5.5,-0.5,4,4.3
"X580",1.83333333333333,3.5,1.66666666666667,3.33333333333333,4.66666666666667,-1.33333333333333,4.66666666666667,2.16666666666667,2.5,3.9,3.6
"X581",1,1,0,1,1.33333333333333,-0.333333333333333,3.83333333333333,1.16666666666667,2.66666666666667,1.3,1.6
"X582",3.66666666666667,3.58333333333333,-0.083333333333333,4.66666666666667,5.66666666666667,-1,4.5,4.16666666666667,0.333333333333333,4.2,3.7
"X583",2.08333333333333,1.08333333333333,-1,1,2.66666666666667,-1.66666666666667,4.16666666666667,1.16666666666667,3,1.9,1.2
"X584",1.58333333333333,2.83333333333333,1.25,2,2.66666666666667,-0.666666666666667,3.66666666666667,2,1.66666666666667,2.7,2.3
"X585",2.33333333333333,3.41666666666667,1.08333333333333,3,4,-1,3.5,2,1.5,3.3,2.9
"X586",2.25,2.41666666666667,0.166666666666667,6.66666666666667,6,0.666666666666667,4.66666666666667,2.16666666666667,2.5,6,6.8
"X587",4.16666666666667,4,-0.166666666666667,5.33333333333333,5.66666666666667,-0.333333333333334,5.16666666666667,5.33333333333333,-0.166666666666666,4,3.6
"X588",1,1.33333333333333,0.333333333333333,1,1,0,2.66666666666667,1.33333333333333,1.33333333333333,1,1
"X589",4.5,4.75,0.25,4.66666666666667,5.66666666666667,-1,5.16666666666667,1.16666666666667,4,5.2,5
"X590",4.08333333333333,4.08333333333333,0,5.33333333333333,5.66666666666667,-0.333333333333334,5.66666666666667,4,1.66666666666667,5.8,5.5
"X591",4.08333333333333,3.91666666666667,-0.166666666666667,3.66666666666667,6,-2.33333333333333,5.16666666666667,4.33333333333333,0.833333333333334,4.1,4.1
"X592",1.66666666666667,1.5,-0.166666666666667,2,2,0,3.33333333333333,2.66666666666667,0.666666666666667,2.4,2.9
"X593",3.25,3.91666666666667,0.666666666666667,5,4,1,5.16666666666667,6.33333333333333,-1.16666666666667,3.9,4.8
"X594",3.5,4.66666666666667,1.16666666666667,3.66666666666667,3,0.666666666666667,4,4.66666666666667,-0.666666666666667,4,3
"X595",3.83333333333333,3.83333333333333,0,6,6,0,5.66666666666667,5,0.666666666666667,4.2,4.1
"X596",3,3.5,0.5,1.66666666666667,6.33333333333333,-4.66666666666667,2.66666666666667,1.5,1.16666666666667,6,3.4
"X597",2.5,2.66666666666667,0.166666666666667,2.66666666666667,4.33333333333333,-1.66666666666667,3.66666666666667,2,1.66666666666667,4.6,3.5
"X598",3.91666666666667,4.08333333333333,0.166666666666667,4.33333333333333,3.66666666666667,0.666666666666667,4,4,0,3.6,4.1
"X599",1.58333333333333,2.16666666666667,0.583333333333333,1.33333333333333,2.66666666666667,-1.33333333333333,1.33333333333333,1.33333333333333,0,2.9,1.3
"X600",3.58333333333333,3.75,0.166666666666667,5.33333333333333,5,0.333333333333333,4.66666666666667,5.16666666666667,-0.5,4,4.2
"X601",2,2,0,2,5,-3,4.66666666666667,3.33333333333333,1.33333333333333,4.2,3
"X602",1.33333333333333,3.16666666666667,1.83333333333333,3.33333333333333,4.33333333333333,-1,4,1.66666666666667,2.33333333333333,4.2,3.5
"X603",1.75,1.83333333333333,0.0833333333333333,1,3.33333333333333,-2.33333333333333,3.5,1.16666666666667,2.33333333333333,2.4,1
"X604",4.16666666666667,3.83333333333333,-0.333333333333333,5,5.33333333333333,-0.333333333333333,5.33333333333333,5.16666666666667,0.166666666666666,3.7,3.7
"X605",1.08333333333333,4.66666666666667,3.58333333333333,2.66666666666667,3.33333333333333,-0.666666666666667,2.16666666666667,1.16666666666667,1,2.1,1.9
"X606",2,1.83333333333333,-0.166666666666667,4,3.33333333333333,0.666666666666667,5.5,2.16666666666667,3.33333333333333,3.5,4.6
"X607",5.08333333333333,5.08333333333333,0,6.33333333333333,6,0.333333333333333,3.33333333333333,2,1.33333333333333,6,6.3
"X608",3.5,3.75,0.25,6.33333333333333,6.66666666666667,-0.333333333333334,5.66666666666667,5.33333333333333,0.333333333333334,4,4
"X609",4,4,0,6.33333333333333,5.33333333333333,1,3.16666666666667,5.66666666666667,-2.5,4,3.8
"X610",4,4.16666666666667,0.166666666666667,6,5.66666666666667,0.333333333333333,5,5.5,-0.5,4.1,4.1
"X611",4.08333333333333,4.16666666666667,0.0833333333333339,5.66666666666667,6.66666666666667,-1,5.16666666666667,5.33333333333333,-0.166666666666666,4,4.2
"X612",1,1,0,1,1,0,3.83333333333333,1.16666666666667,2.66666666666667,1.6,1.1
"X613",4.33333333333333,4.16666666666667,-0.166666666666666,5.33333333333333,5.66666666666667,-0.333333333333334,4.66666666666667,4.83333333333333,-0.166666666666666,4.3,4
"X614",4.08333333333333,4.08333333333333,0,3.66666666666667,3.33333333333333,0.333333333333333,4.66666666666667,3.66666666666667,1,4.1,4.1
"X615",4.25,4.08333333333333,-0.166666666666667,5,4.66666666666667,0.333333333333333,4.5,4.83333333333333,-0.333333333333333,4.2,4.4
"X616",1.58333333333333,2,0.416666666666667,1,1,0,2.66666666666667,1,1.66666666666667,1.2,1
"X617",1.5,1,-0.5,1,1,0,3.5,2.33333333333333,1.16666666666667,1,1.5
"X618",2.75,3.58333333333333,0.833333333333333,4,4.33333333333333,-0.333333333333333,3.66666666666667,1.83333333333333,1.83333333333333,3.6,4
"X619",1.08333333333333,1.25,0.166666666666667,1.66666666666667,1,0.666666666666667,4.33333333333333,2,2.33333333333333,1,1.4
"X620",1.5,2.75,1.25,1,1,0,6,1.83333333333333,4.16666666666667,1,1
"X621",4,4,0,6,6,0,5.33333333333333,5.33333333333333,0,4,4
"X622",3,3.33333333333333,0.333333333333333,2.66666666666667,6,-3.33333333333333,4.5,2.16666666666667,2.33333333333333,6,4.5
"X623",4.08333333333333,3.91666666666667,-0.166666666666667,2.33333333333333,3,-0.666666666666667,4.5,1.16666666666667,3.33333333333333,3.9,3.5
"X624",4.16666666666667,4.41666666666667,0.25,5.66666666666667,5.66666666666667,0,5.5,5.33333333333333,0.166666666666667,4.3,3.9
"X625",1.75,2.33333333333333,0.583333333333333,2,1,1,1.33333333333333,1.16666666666667,0.166666666666667,1.4,1.8
"X626",1.41666666666667,4.41666666666667,3,5,6,-1,5.16666666666667,1.66666666666667,3.5,5.3,5.3
"X627",4.41666666666667,4.66666666666667,0.25,5.33333333333333,5,0.333333333333333,4.16666666666667,5,-0.833333333333333,3.9,4.2
"X628",1,1.5,0.5,1,1,0,3.5,2.16666666666667,1.33333333333333,1,1
"X629",4.5,5.66666666666667,1.16666666666667,6,6,0,5.16666666666667,1.16666666666667,4,6.1,6.7
"X630",4.41666666666667,4.33333333333333,-0.0833333333333339,3,6.33333333333333,-3.33333333333333,4.16666666666667,5.33333333333333,-1.16666666666667,4.7,3.5
"X631",4.08333333333333,4.5,0.416666666666667,5,4.66666666666667,0.333333333333333,4.5,4.33333333333333,0.166666666666667,4.1,4.2
"X632",4.58333333333333,4.16666666666667,-0.416666666666666,5.33333333333333,5,0.333333333333333,4.66666666666667,4.83333333333333,-0.166666666666666,4.2,4
"X633",3.91666666666667,1.58333333333333,-2.33333333333333,3.66666666666667,4,-0.333333333333333,4.66666666666667,4.5,0.166666666666667,4.4,4.4
"X634",3,2.91666666666667,-0.0833333333333335,3.66666666666667,4,-0.333333333333333,2.83333333333333,1.16666666666667,1.66666666666667,4.7,4.3
"X635",2.33333333333333,5.33333333333333,3,2,3.33333333333333,-1.33333333333333,3.66666666666667,2,1.66666666666667,3.6,3.2
"X636",2.58333333333333,4.5,1.91666666666667,5,7,-2,5.5,1.66666666666667,3.83333333333333,5.6,6.2
"X637",4.75,5.08333333333333,0.333333333333333,5.66666666666667,6,-0.333333333333333,6,2.66666666666667,3.33333333333333,5.8,5.5
"X638",1.41666666666667,2.91666666666667,1.5,2.33333333333333,3,-0.666666666666667,3.16666666666667,2.33333333333333,0.833333333333333,2.4,2
"X639",1.16666666666667,1.25,0.0833333333333333,1,1,0,2.83333333333333,1.33333333333333,1.5,1.1,1
"X640",1,3.25,2.25,1,2.66666666666667,-1.66666666666667,3.83333333333333,2.5,1.33333333333333,2.1,1.3
"X641",1.16666666666667,1,-0.166666666666667,2,2,0,4.66666666666667,2.16666666666667,2.5,1.9,1.8
"X642",1.75,1.83333333333333,0.0833333333333333,2.66666666666667,3.33333333333333,-0.666666666666667,3.5,2.16666666666667,1.33333333333333,4.1,4.2
"X643",1.75,2,0.25,1,1.33333333333333,-0.333333333333333,3.16666666666667,2.16666666666667,1,1.5,1.5
"X644",4.33333333333333,4.5,0.166666666666667,4.66666666666667,5,-0.333333333333333,4.16666666666667,1.66666666666667,2.5,5.8,6
"X645",1,1,0,1,1.66666666666667,-0.666666666666667,2.5,2.33333333333333,0.166666666666667,1.9,1.1
"X646",1.66666666666667,2.25,0.583333333333333,1.66666666666667,1.33333333333333,0.333333333333333,3.16666666666667,1.66666666666667,1.5,1.7,1.8
"X647",4.16666666666667,5.5,1.33333333333333,5,6.33333333333333,-1.33333333333333,5.16666666666667,2.66666666666667,2.5,6.1,6
"X648",1.5,2.16666666666667,0.666666666666667,1,1.33333333333333,-0.333333333333333,3.5,1.5,2,1.3,1.4
"X649",3.25,3.75,0.5,2,4,-2,4,4.16666666666667,-0.166666666666667,3.6,2.9
"X650",3.91666666666667,4,0.0833333333333335,4,4,0,3.83333333333333,4,-0.166666666666667,4,4
"X651",2.5,3.08333333333333,0.583333333333333,3.33333333333333,3.33333333333333,0,5.66666666666667,2.33333333333333,3.33333333333333,2.2,2.5
"X652",2.16666666666667,2.16666666666667,0,1.33333333333333,4,-2.66666666666667,3.83333333333333,1,2.83333333333333,3.7,2.1
"X653",1.5,2.16666666666667,0.666666666666667,1,2,-1,1.83333333333333,1.66666666666667,0.166666666666667,1.5,1.1
"X654",1,1,0,2.33333333333333,4.33333333333333,-2,5.66666666666667,1.5,4.16666666666667,4.9,3.4
"X655",3.41666666666667,4.75,1.33333333333333,5,4.66666666666667,0.333333333333333,4.66666666666667,1.16666666666667,3.5,5.6,5.2
"X656",3.33333333333333,3.5,0.166666666666667,2.33333333333333,3.33333333333333,-1,3.16666666666667,1.5,1.66666666666667,4.1,3.6
"X657",3,5,2,2.66666666666667,5.66666666666667,-3,4.33333333333333,1.33333333333333,3,5,2.6
"X658",3,3,0,5.66666666666667,6,-0.333333333333333,5,5.66666666666667,-0.666666666666667,3.4,3.9
"X659",2.5,3.83333333333333,1.33333333333333,3,3,0,4.5,2.66666666666667,1.83333333333333,2.8,2.7
"X660",4.25,5.66666666666667,1.41666666666667,6.33333333333333,6.66666666666667,-0.333333333333334,5.16666666666667,1.5,3.66666666666667,6.3,6
"X661",1.75,1.66666666666667,-0.0833333333333333,1.66666666666667,4,-2.33333333333333,3.5,1,2.5,4.3,4.3
"X662",2.91666666666667,3.58333333333333,0.666666666666667,3,2.66666666666667,0.333333333333333,5,1.33333333333333,3.66666666666667,4.9,5.2
"X663",1.5,3.25,1.75,3,2,1,4.5,1,3.5,2,4
"X664",2.5,2.66666666666667,0.166666666666667,1,2.66666666666667,-1.66666666666667,4,1.66666666666667,2.33333333333333,1.8,1.1
"X665",4.16666666666667,5,0.833333333333333,4.33333333333333,4.66666666666667,-0.333333333333334,3.83333333333333,1.83333333333333,2,5,4.5
"X666",1.08333333333333,2.58333333333333,1.5,1,1,0,1.83333333333333,2.33333333333333,-0.5,1,1
"X667",3.5,3.66666666666667,0.166666666666667,3.33333333333333,3.33333333333333,0,4.66666666666667,2,2.66666666666667,3.9,4
"X668",4,4,0,4,3,1,4,4,0,3.7,4
"X669",5.25,7,1.75,1,7,-6,6,1,5,6.4,4
"X670",2.58333333333333,3.5,0.916666666666667,5.66666666666667,4.33333333333333,1.33333333333333,2.5,1.16666666666667,1.33333333333333,5.1,5.8
"X671",2.41666666666667,3.83333333333333,1.41666666666667,2,4,-2,3.66666666666667,2.33333333333333,1.33333333333333,3.9,2.6
"X672",5.33333333333333,6,0.666666666666667,7,7,0,4,3.83333333333333,0.166666666666667,7,6.2
"X673",4.08333333333333,4,-0.083333333333333,4.33333333333333,4.33333333333333,0,3.83333333333333,4.5,-0.666666666666667,4.3,4.7
"X674",1.33333333333333,1.5,0.166666666666667,1,1,0,3.16666666666667,1.83333333333333,1.33333333333333,1,1.1
"X675",1.5,1.41666666666667,-0.0833333333333333,1.33333333333333,1.33333333333333,0,3.5,1.33333333333333,2.16666666666667,1.3,1.2
"X676",3.83333333333333,3.91666666666667,0.083333333333333,4.33333333333333,4,0.333333333333333,4.16666666666667,3.16666666666667,1,4.2,5
"X677",3.58333333333333,3.75,0.166666666666667,4.66666666666667,5.33333333333333,-0.666666666666666,4.5,4,0.5,3.9,3.9
"X678",4.41666666666667,5.08333333333333,0.666666666666666,6.33333333333333,5.66666666666667,0.666666666666666,4.83333333333333,1,3.83333333333333,6.2,6.7
"X679",3.16666666666667,6.33333333333333,3.16666666666667,4.66666666666667,2,2.66666666666667,2,2.66666666666667,-0.666666666666667,2.1,5.4
"X680",2.5,3.91666666666667,1.41666666666667,1.66666666666667,4.66666666666667,-3,2,1.16666666666667,0.833333333333333,4.6,2.8
"X681",2.83333333333333,3.33333333333333,0.5,1.33333333333333,2.66666666666667,-1.33333333333333,4.33333333333333,1.5,2.83333333333333,2.6,1.6
"X682",3.25,5.83333333333333,2.58333333333333,4.33333333333333,4.33333333333333,0,4.5,2.33333333333333,2.16666666666667,5.2,4.9
"X683",2.83333333333333,2.75,-0.0833333333333335,2,4,-2,4.33333333333333,2.5,1.83333333333333,3.6,2.4
"X684",3.25,6,2.75,1.66666666666667,3,-1.33333333333333,5,1,4,2.7,2.2
"X685",1,1.25,0.25,1,1.33333333333333,-0.333333333333333,5.66666666666667,1,4.66666666666667,1.4,1.1
"X686",4.83333333333333,4.83333333333333,0,5,4.33333333333333,0.666666666666667,4.33333333333333,2.16666666666667,2.16666666666667,3.5,5.3
"X687",3,5.33333333333333,2.33333333333333,5.66666666666667,7,-1.33333333333333,5,1.83333333333333,3.16666666666667,5.8,5.8
"X688",4.33333333333333,4.16666666666667,-0.166666666666666,6,5.33333333333333,0.666666666666667,4.83333333333333,4.83333333333333,0,3.9,3.9
"X689",6,5.58333333333333,-0.416666666666667,6,6,0,2.5,2.5,0,6.2,6.1
"X690",3.91666666666667,4.5,0.583333333333333,3,3.66666666666667,-0.666666666666667,4.33333333333333,3.5,0.833333333333333,2.9,3.9
"X691",2.83333333333333,2.83333333333333,0,4,3.33333333333333,0.666666666666667,4.33333333333333,3.33333333333333,1,3.9,4.3
"X692",2.5,3.41666666666667,0.916666666666667,2,2,0,4,2,2,2.5,2.7
"X693",3.75,4.33333333333333,0.583333333333333,1.33333333333333,2.66666666666667,-1.33333333333333,2.33333333333333,1.83333333333333,0.5,4.8,3
"X694",2.75,4,1.25,3.33333333333333,5,-1.66666666666667,3.5,1.66666666666667,1.83333333333333,4.1,3.9
"X695",4.5,5,0.5,2.33333333333333,3.33333333333333,-1,4.5,1.66666666666667,2.83333333333333,4.6,4.6
"X696",3.66666666666667,4,0.333333333333333,3,4,-1,3.16666666666667,1.66666666666667,1.5,3.4,2.9
"X697",2,2,0,2,2,0,3.66666666666667,2.5,1.16666666666667,3.2,2.8
"X698",1,1.08333333333333,0.0833333333333333,1.66666666666667,1.33333333333333,0.333333333333333,3,1.83333333333333,1.16666666666667,1.8,1.8
"X699",1.25,1.08333333333333,-0.166666666666667,2,3.33333333333333,-1.33333333333333,2.83333333333333,1.33333333333333,1.5,3.8,3.6
"X700",3.41666666666667,3.83333333333333,0.416666666666667,1.66666666666667,5.33333333333333,-3.66666666666667,4.66666666666667,1.5,3.16666666666667,5.4,3.5
"X701",4.66666666666667,3.83333333333333,-0.833333333333333,6.66666666666667,7,-0.333333333333333,4.83333333333333,1.16666666666667,3.66666666666667,6.6,5.3
"X702",4,5.58333333333333,1.58333333333333,5,5.66666666666667,-0.666666666666667,1.83333333333333,2.33333333333333,-0.5,5.6,6.2
"X703",2.75,3.16666666666667,0.416666666666667,3,5,-2,5,2,3,4.3,3.9
"X704",4.5,5,0.5,6,1.66666666666667,4.33333333333333,3.66666666666667,1,2.66666666666667,2.1,5.9
"X705",4.41666666666667,5.41666666666667,1,4,4.66666666666667,-0.666666666666667,3,3.83333333333333,-0.833333333333333,4,4.3
"X706",3.5,4.66666666666667,1.16666666666667,4,3.66666666666667,0.333333333333333,2.83333333333333,2.5,0.333333333333333,4.8,5.5
"X707",2.5,3,0.5,2.66666666666667,5,-2.33333333333333,4.5,2.5,2,5,4.1
"X708",3.91666666666667,3.58333333333333,-0.333333333333333,3.66666666666667,3.33333333333333,0.333333333333333,4,4.33333333333333,-0.333333333333333,3.7,4.1
"X709",2,2,0,2,2,0,2.66666666666667,2,0.666666666666667,2,2
"X710",4.5,4.16666666666667,-0.333333333333333,4.33333333333333,4.66666666666667,-0.333333333333334,4,4.33333333333333,-0.333333333333333,3.8,3.8
"X711",4.08333333333333,4.5,0.416666666666667,3,5.33333333333333,-2.33333333333333,4,1.83333333333333,2.16666666666667,5.6,4.5
"X712",3.33333333333333,4.25,0.916666666666667,5,4.66666666666667,0.333333333333333,3.83333333333333,2.5,1.33333333333333,4.4,4.5
"X713",1.83333333333333,1.91666666666667,0.0833333333333335,1.66666666666667,1.66666666666667,0,1.5,1.16666666666667,0.333333333333333,2,1.9
"X714",1,2.66666666666667,1.66666666666667,3.33333333333333,4.66666666666667,-1.33333333333333,3.5,1.66666666666667,1.83333333333333,5.2,4.3
"X715",2.83333333333333,3.41666666666667,0.583333333333333,3.33333333333333,4.33333333333333,-1,4.16666666666667,2.5,1.66666666666667,4,3.3
"X716",1,1.5,0.5,1,2.66666666666667,-1.66666666666667,4.5,1.66666666666667,2.83333333333333,1.5,1
"X717",3.91666666666667,5.08333333333333,1.16666666666667,4.66666666666667,5.33333333333333,-0.666666666666666,4.66666666666667,2.16666666666667,2.5,5.2,5.3
"X718",3.33333333333333,4.83333333333333,1.5,2.66666666666667,5.66666666666667,-3,2.5,3.16666666666667,-0.666666666666667,5.5,4.2
"X719",5,5.66666666666667,0.666666666666667,3.33333333333333,2.33333333333333,1,2.16666666666667,3,-0.833333333333333,3.6,4.7
"X720",3,2.91666666666667,-0.0833333333333335,3,6.33333333333333,-3.33333333333333,5.66666666666667,1.5,4.16666666666667,6,4.4
"X721",2.5,2.5,0,1,1,0,2,3,-1,4.6,4.6
"X722",1.58333333333333,1.91666666666667,0.333333333333333,2.33333333333333,4,-1.66666666666667,4.33333333333333,4.5,-0.166666666666667,3.8,3.7
"X723",1,1,0,2.33333333333333,3,-0.666666666666667,2.83333333333333,2.16666666666667,0.666666666666667,3.2,2.4
"X724",4.16666666666667,6.41666666666667,2.25,5,6.66666666666667,-1.66666666666667,2,1.66666666666667,0.333333333333333,6.3,5.8
"X725",1.33333333333333,3.83333333333333,2.5,1.33333333333333,3.66666666666667,-2.33333333333333,5,1.5,3.5,3.5,2
"X726",4.83333333333333,5.66666666666667,0.833333333333334,3,2.66666666666667,0.333333333333333,2.16666666666667,1.16666666666667,1,4.5,4.6
"X727",2.25,2.58333333333333,0.333333333333333,2.33333333333333,3.33333333333333,-1,3.16666666666667,2,1.16666666666667,3.2,3.1
"X728",1.25,2,0.75,1,2,-1,3,1.83333333333333,1.16666666666667,2,1
"X729",2.83333333333333,3,0.166666666666667,2.66666666666667,2.66666666666667,0,3.5,2.83333333333333,0.666666666666667,3.2,3.5
"X730",1.66666666666667,3.16666666666667,1.5,1.33333333333333,2,-0.666666666666667,4,2.16666666666667,1.83333333333333,2.1,1.8
"X731",3.66666666666667,4.41666666666667,0.75,2.66666666666667,2.33333333333333,0.333333333333333,4.33333333333333,1.66666666666667,2.66666666666667,2.8,3.5
"X732",3.66666666666667,4.83333333333333,1.16666666666667,3,4.66666666666667,-1.66666666666667,5.16666666666667,2.5,2.66666666666667,5.7,4.4
"X733",4.66666666666667,5.58333333333333,0.916666666666666,5.33333333333333,6.66666666666667,-1.33333333333333,4.66666666666667,2,2.66666666666667,6.3,6.2
"X734",3.83333333333333,3.75,-0.0833333333333335,2.33333333333333,2.33333333333333,0,2.16666666666667,2.5,-0.333333333333333,3,3.5
"X735",2.91666666666667,4,1.08333333333333,3.33333333333333,5.33333333333333,-2,5.5,4.66666666666667,0.833333333333333,5.6,4.5
"X736",1,3.91666666666667,2.91666666666667,4,4,0,3.66666666666667,1.16666666666667,2.5,3.5,4.3
"X737",4.75,4.91666666666667,0.166666666666667,5,5.66666666666667,-0.666666666666667,5.5,4.66666666666667,0.833333333333333,4.3,3.8
"X738",4.16666666666667,4,-0.166666666666667,5.33333333333333,5,0.333333333333333,5,4.5,0.5,3.9,3.8
"X739",2,3.16666666666667,1.16666666666667,2,2.66666666666667,-0.666666666666667,2,2,0,3.5,3.3
"X740",3.41666666666667,4.5,1.08333333333333,2.33333333333333,3.66666666666667,-1.33333333333333,4.33333333333333,2,2.33333333333333,3.6,2.9
"X741",2.41666666666667,2.91666666666667,0.5,2,2.66666666666667,-0.666666666666667,4.83333333333333,2.33333333333333,2.5,2.6,2.9
"X742",1.25,1.25,0,1,2,-1,4,1.66666666666667,2.33333333333333,2.1,1.7
"X743",4.83333333333333,4.5,-0.333333333333333,3.66666666666667,4,-0.333333333333333,1.83333333333333,1.33333333333333,0.5,4.9,4.7
"X744",1,1.33333333333333,0.333333333333333,1,1,0,2.5,1.5,1,1,1.1
"X745",3.91666666666667,4.41666666666667,0.5,2,6,-4,3.33333333333333,4.83333333333333,-1.5,5.7,2.5
"X746",3.83333333333333,4,0.166666666666667,4,4,0,2.83333333333333,4,-1.16666666666667,4,4
"X747",2,2,0,1,2.33333333333333,-1.33333333333333,3,1.66666666666667,1.33333333333333,2.3,2.3
"X748",1.5,1.5,0,1,1,0,3.66666666666667,1,2.66666666666667,1,1.1
"X749",1.66666666666667,3,1.33333333333333,1.33333333333333,2,-0.666666666666667,5,1.5,3.5,1.9,1.4
"X750",1.25,4.75,3.5,5.66666666666667,3.66666666666667,2,2.66666666666667,1.16666666666667,1.5,5.2,4.8
"X751",3.33333333333333,3.83333333333333,0.5,1.33333333333333,2.33333333333333,-1,2.33333333333333,2.5,-0.166666666666667,3.2,3.5
"X752",3.66666666666667,3.91666666666667,0.25,7,6.66666666666667,0.333333333333333,5,5.66666666666667,-0.666666666666667,4.1,4.7
"X753",1.91666666666667,2,0.0833333333333333,1,1,0,3.5,2.66666666666667,0.833333333333333,1.5,1.8
"X754",3.91666666666667,4.16666666666667,0.25,1,1.66666666666667,-0.666666666666667,1.66666666666667,1,0.666666666666667,3,2.5
"X755",3.91666666666667,4.58333333333333,0.666666666666667,4,4,0,4,4,0,4,4
"X756",2.58333333333333,2.16666666666667,-0.416666666666667,2.66666666666667,2.66666666666667,0,2.5,2.33333333333333,0.166666666666667,2.4,2.9
"X757",1.91666666666667,1.91666666666667,0,1.66666666666667,2,-0.333333333333333,2.33333333333333,1,1.33333333333333,2,1.9
"X758",2,2.58333333333333,0.583333333333333,2,2,0,3.16666666666667,2,1.16666666666667,2,2
"X759",1.41666666666667,4,2.58333333333333,2.66666666666667,2,0.666666666666667,6,2,4,2.2,2.9
"X760",3.91666666666667,4.75,0.833333333333333,3,3,0,4.33333333333333,2,2.33333333333333,3.4,3.6
"X761",1.5,1.66666666666667,0.166666666666667,3,4,-1,2.66666666666667,1.83333333333333,0.833333333333333,4.5,4.7
"X762",1,1,0,1,1,0,4,1.66666666666667,2.33333333333333,1.1,1
"X763",1.08333333333333,2.5,1.41666666666667,1.33333333333333,2.33333333333333,-1,4.5,1.16666666666667,3.33333333333333,2,2.2
"X764",2.5,2.33333333333333,-0.166666666666667,2.66666666666667,5,-2.33333333333333,4,2.66666666666667,1.33333333333333,4.4,2.8
"X765",2.5,3.91666666666667,1.41666666666667,2.33333333333333,4.33333333333333,-2,4.33333333333333,3.66666666666667,0.666666666666667,3.5,3.7
"X766",3.08333333333333,4.41666666666667,1.33333333333333,1.66666666666667,1,0.666666666666667,5.5,1.16666666666667,4.33333333333333,1.3,2.3
"X767",6.66666666666667,7,0.333333333333333,4.66666666666667,5.33333333333333,-0.666666666666666,3.66666666666667,1.16666666666667,2.5,6.3,5.8
"X768",1.58333333333333,2.25,0.666666666666667,1.66666666666667,1.66666666666667,0,2.66666666666667,1,1.66666666666667,1.9,2.2
"X769",1.91666666666667,1.91666666666667,0,2.33333333333333,2.66666666666667,-0.333333333333333,3.83333333333333,1.83333333333333,2,3.3,2.7
"X770",4,3.58333333333333,-0.416666666666667,7,6,1,5.33333333333333,5.66666666666667,-0.333333333333334,4.1,4.3
"X771",4.16666666666667,4.16666666666667,0,3.33333333333333,3.66666666666667,-0.333333333333333,3.33333333333333,3.5,-0.166666666666667,3.8,3.9
"X772",1,1,0,1,1,0,4.16666666666667,1,3.16666666666667,1.3,1
"X773",3.83333333333333,4.16666666666667,0.333333333333333,4,4.66666666666667,-0.666666666666667,4.83333333333333,2.5,2.33333333333333,5.1,5.7
"X774",4,4.16666666666667,0.166666666666667,1.33333333333333,3.66666666666667,-2.33333333333333,4.5,1.5,3,2.5,2
"X775",2,2.5,0.5,1,1,0,1,1,0,1,1
"X776",3.08333333333333,3.83333333333333,0.75,1.66666666666667,2.33333333333333,-0.666666666666667,4.5,1.5,3,3.1,2.7
"X777",3.66666666666667,4.33333333333333,0.666666666666667,2.33333333333333,2.66666666666667,-0.333333333333333,4.33333333333333,2,2.33333333333333,4.4,3.3
"X778",1,1.58333333333333,0.583333333333333,1,1,0,3.5,1.33333333333333,2.16666666666667,1.5,1
"X779",1.75,1.91666666666667,0.166666666666667,1.33333333333333,2.66666666666667,-1.33333333333333,3.83333333333333,1.16666666666667,2.66666666666667,3.3,3.2
