"","BFS4.comp","RFS4.comp","OKdiff","BRM","NRM","RMdiff","NIN","BIN","INdiff"
"X7",1,1,0,1,1,0,2.33333333333333,1.83333333333333,0.5
"X8",3.83333333333333,4.08333333333333,0.25,4,2.66666666666667,1.33333333333333,3.83333333333333,4.16666666666667,-0.333333333333333
"X9",4,4.25,0.25,5,3.33333333333333,1.66666666666667,3.66666666666667,4,-0.333333333333333
"X10",2.16666666666667,1.83333333333333,-0.333333333333333,1,1,0,1.16666666666667,1.83333333333333,-0.666666666666667
"X11",2.33333333333333,2.41666666666667,0.083333333333333,4.66666666666667,5.33333333333333,-0.666666666666666,3.83333333333333,3,0.833333333333333
"X12",3.25,5.5,2.25,3.33333333333333,5.66666666666667,-2.33333333333333,2.83333333333333,1.5,1.33333333333333
"X13",2,2.5,0.5,7,7,0,5.5,1,4.5
"X14",2,2,0,1,2.66666666666667,-1.66666666666667,3,1.16666666666667,1.83333333333333
"X15",4,3.91666666666667,-0.0833333333333335,4,3.66666666666667,0.333333333333333,4.16666666666667,3.66666666666667,0.5
"X16",3.91666666666667,3.83333333333333,-0.083333333333333,3.33333333333333,3,0.333333333333333,4.5,4.5,0
"X17",2.83333333333333,2.75,-0.0833333333333335,1,4.66666666666667,-3.66666666666667,4.33333333333333,2.66666666666667,1.66666666666667
"X18",1.66666666666667,2,0.333333333333333,1.66666666666667,2.33333333333333,-0.666666666666667,5.16666666666667,3.16666666666667,2
"X19",2.66666666666667,3.83333333333333,1.16666666666667,4,4,0,5.66666666666667,2.66666666666667,3
"X20",1.75,1.41666666666667,-0.333333333333333,1.33333333333333,2.33333333333333,-1,2.66666666666667,1.5,1.16666666666667
"X21",3.16666666666667,4.33333333333333,1.16666666666667,1.66666666666667,4,-2.33333333333333,3.66666666666667,1.16666666666667,2.5
"X22",3.16666666666667,3.16666666666667,0,2,2,0,3.83333333333333,2.5,1.33333333333333
"X23",2.5,3.5,1,5.66666666666667,4.33333333333333,1.33333333333333,3.83333333333333,4,-0.166666666666667
"X24",4.83333333333333,3.75,-1.08333333333333,4,4.66666666666667,-0.666666666666667,3.5,4.16666666666667,-0.666666666666667
"X25",1,1.25,0.25,1,1,0,3.33333333333333,1,2.33333333333333
"X26",5,4,-1,5.66666666666667,3.66666666666667,2,4,4.5,-0.5
"X27",2.66666666666667,3.83333333333333,1.16666666666667,3.66666666666667,4.33333333333333,-0.666666666666667,5.5,2.16666666666667,3.33333333333333
"X28",1.16666666666667,2.16666666666667,1,4.33333333333333,2.66666666666667,1.66666666666667,4.5,1.16666666666667,3.33333333333333
"X29",4.5,5,0.5,5,3.33333333333333,1.66666666666667,3.16666666666667,1.16666666666667,2
"X30",4,3.41666666666667,-0.583333333333333,3.66666666666667,3,0.666666666666667,3.83333333333333,2.66666666666667,1.16666666666667
"X31",2.75,3.41666666666667,0.666666666666667,3,4.33333333333333,-1.33333333333333,4.33333333333333,2.66666666666667,1.66666666666667
"X32",1.33333333333333,2.83333333333333,1.5,5,3,2,4.5,2.16666666666667,2.33333333333333
"X33",5.16666666666667,5.25,0.083333333333333,4.66666666666667,3.33333333333333,1.33333333333333,5,2.66666666666667,2.33333333333333
"X34",4.16666666666667,4.25,0.083333333333333,5,4.66666666666667,0.333333333333333,4.5,5,-0.5
"X35",2,2.58333333333333,0.583333333333333,2.66666666666667,3,-0.333333333333333,3.66666666666667,3.33333333333333,0.333333333333333
"X36",1.16666666666667,1,-0.166666666666667,1,1,0,4,1.66666666666667,2.33333333333333
"X37",3.75,4,0.25,3.66666666666667,4.66666666666667,-1,4.66666666666667,4.5,0.166666666666667
"X38",4,4,0,4,4.33333333333333,-0.333333333333333,4,4.5,-0.5
"X39",2.16666666666667,4.83333333333333,2.66666666666667,2.33333333333333,4.33333333333333,-2,6.16666666666667,1.5,4.66666666666667
"X40",3.91666666666667,4,0.0833333333333335,5,5,0,4.66666666666667,4.66666666666667,0
"X41",1,1.5,0.5,1,1,0,2.66666666666667,1.33333333333333,1.33333333333333
"X42",1.33333333333333,1.91666666666667,0.583333333333333,1,1,0,2,1.16666666666667,0.833333333333333
"X43",3.91666666666667,3.83333333333333,-0.083333333333333,2.66666666666667,3,-0.333333333333333,3.33333333333333,3,0.333333333333333
"X44",1.75,1.91666666666667,0.166666666666667,1.66666666666667,3,-1.33333333333333,3.83333333333333,2.16666666666667,1.66666666666667
"X45",4.25,5,0.75,1,1,0,3.16666666666667,1.5,1.66666666666667
"X46",1.25,1.83333333333333,0.583333333333333,1.66666666666667,2.66666666666667,-1,5.16666666666667,2.33333333333333,2.83333333333333
"X47",6,4,-2,7,7,0,4.16666666666667,5,-0.833333333333333
"X48",2.08333333333333,2,-0.0833333333333335,1,1,0,2.5,1.66666666666667,0.833333333333333
"X49",1.75,2.66666666666667,0.916666666666667,1.33333333333333,3.33333333333333,-2,4,1.33333333333333,2.66666666666667
"X50",3.83333333333333,3.16666666666667,-0.666666666666667,2.66666666666667,4.33333333333333,-1.66666666666667,4.33333333333333,4,0.333333333333333
"X51",2,2.25,0.25,4.33333333333333,4.66666666666667,-0.333333333333334,4.5,1.66666666666667,2.83333333333333
"X52",1,2,1,3.66666666666667,3.66666666666667,0,5.5,2,3.5
"X53",1.16666666666667,1.16666666666667,0,1,1,0,3.33333333333333,1.5,1.83333333333333
"X54",3.75,3.66666666666667,-0.0833333333333335,5,5,0,4.66666666666667,4.66666666666667,0
"X55",1.91666666666667,2.66666666666667,0.75,1,2,-1,4.33333333333333,1.16666666666667,3.16666666666667
"X56",3.41666666666667,4.41666666666667,1,3,4.33333333333333,-1.33333333333333,3.5,1.33333333333333,2.16666666666667
"X57",3.41666666666667,4.25,0.833333333333333,5.66666666666667,5.33333333333333,0.333333333333334,4.66666666666667,2,2.66666666666667
"X58",3.58333333333333,3.25,-0.333333333333333,3.33333333333333,4.66666666666667,-1.33333333333333,4.33333333333333,2,2.33333333333333
"X59",2.83333333333333,4.5,1.66666666666667,4.66666666666667,4.66666666666667,0,4.83333333333333,1.33333333333333,3.5
"X60",3.83333333333333,4.16666666666667,0.333333333333333,4.33333333333333,3.66666666666667,0.666666666666667,4.66666666666667,3,1.66666666666667
"X61",3.83333333333333,4.16666666666667,0.333333333333333,4,4.66666666666667,-0.666666666666667,4.83333333333333,3.66666666666667,1.16666666666667
"X62",1,1.33333333333333,0.333333333333333,1,1,0,3.66666666666667,1.66666666666667,2
"X63",4.08333333333333,7,2.91666666666667,3,4,-1,4,2.5,1.5
"X64",3.41666666666667,3.5,0.0833333333333335,2.66666666666667,2.66666666666667,0,5,3,2
"X65",3.83333333333333,4,0.166666666666667,5.66666666666667,6,-0.333333333333333,5.66666666666667,5.5,0.166666666666667
"X66",4.08333333333333,4,-0.083333333333333,3.33333333333333,4,-0.666666666666667,3.83333333333333,4,-0.166666666666667
"X67",4.66666666666667,4.66666666666667,0,4.33333333333333,3.33333333333333,1,4.66666666666667,4.33333333333333,0.333333333333334
"X68",3,3.5,0.5,2.66666666666667,3,-0.333333333333333,2,1.83333333333333,0.166666666666667
"X69",3.75,5.08333333333333,1.33333333333333,2.33333333333333,6.33333333333333,-4,2,2.83333333333333,-0.833333333333333
"X70",3.91666666666667,3.16666666666667,-0.75,3,4,-1,4.83333333333333,2.83333333333333,2
"X71",2.75,3,0.25,2.33333333333333,3.33333333333333,-1,4.5,1.5,3
"X72",3.25,4.16666666666667,0.916666666666667,2,2,0,3.66666666666667,2.16666666666667,1.5
"X73",2.91666666666667,5.58333333333333,2.66666666666667,1.66666666666667,6.33333333333333,-4.66666666666667,5,3.16666666666667,1.83333333333333
"X74",3,3.08333333333333,0.0833333333333335,1,2,-1,4.83333333333333,3,1.83333333333333
"X75",3.91666666666667,3.58333333333333,-0.333333333333333,2.66666666666667,3.33333333333333,-0.666666666666667,4,2.5,1.5
"X76",2.75,4.08333333333333,1.33333333333333,1.33333333333333,2,-0.666666666666667,4.16666666666667,2.5,1.66666666666667
"X77",3.58333333333333,4.08333333333333,0.5,7,7,0,4.66666666666667,2.66666666666667,2
"X78",1.5,3.5,2,2,3,-1,4.5,2,2.5
"X79",1.91666666666667,2,0.0833333333333333,1.33333333333333,1.33333333333333,0,3,2.66666666666667,0.333333333333333
"X80",1.08333333333333,1.08333333333333,0,3,2.33333333333333,0.666666666666667,2.16666666666667,1.5,0.666666666666667
"X81",1.33333333333333,2.08333333333333,0.75,1,1.33333333333333,-0.333333333333333,3.33333333333333,1.33333333333333,2
"X82",3.25,3.83333333333333,0.583333333333333,3.66666666666667,4.33333333333333,-0.666666666666667,3.33333333333333,2.33333333333333,1
"X83",2.66666666666667,2.75,0.0833333333333335,3.66666666666667,5,-1.33333333333333,4.66666666666667,1.16666666666667,3.5
"X84",4.16666666666667,4,-0.166666666666667,4,2.66666666666667,1.33333333333333,4,3.33333333333333,0.666666666666667
"X85",2.66666666666667,4.08333333333333,1.41666666666667,3.66666666666667,3.33333333333333,0.333333333333333,3.66666666666667,3.5,0.166666666666667
"X86",1.91666666666667,2.41666666666667,0.5,1,3.66666666666667,-2.66666666666667,3,3,0
"X87",1.16666666666667,1.75,0.583333333333333,2,2.33333333333333,-0.333333333333333,3.66666666666667,2.16666666666667,1.5
"X88",1,1,0,1,1,0,2.16666666666667,1.5,0.666666666666667
"X89",1.91666666666667,2.66666666666667,0.75,5.33333333333333,4,1.33333333333333,4,2.83333333333333,1.16666666666667
"X90",1.75,3.66666666666667,1.91666666666667,2.33333333333333,2.66666666666667,-0.333333333333333,2.83333333333333,1.16666666666667,1.66666666666667
"X91",1.75,1.83333333333333,0.0833333333333333,1.66666666666667,2.33333333333333,-0.666666666666667,3.5,1.16666666666667,2.33333333333333
"X92",4.16666666666667,4,-0.166666666666667,3.66666666666667,2.66666666666667,1,3.5,3.33333333333333,0.166666666666667
"X93",2.5,1.75,-0.75,1,1,0,2.83333333333333,1,1.83333333333333
"X94",1.91666666666667,3,1.08333333333333,2.66666666666667,2.66666666666667,0,3.5,2.33333333333333,1.16666666666667
"X95",1.5,3.91666666666667,2.41666666666667,5.66666666666667,6.66666666666667,-1,3.83333333333333,1.16666666666667,2.66666666666667
"X96",4.41666666666667,4.25,-0.166666666666667,4.66666666666667,6.33333333333333,-1.66666666666667,4.66666666666667,4,0.666666666666667
"X97",2.08333333333333,2.83333333333333,0.75,2,3,-1,3,1.66666666666667,1.33333333333333
"X98",2.16666666666667,3.41666666666667,1.25,3.33333333333333,2.33333333333333,1,4,2,2
"X99",5,7,2,7,7,0,4.5,1,3.5
"X100",2.5,4.66666666666667,2.16666666666667,4.33333333333333,5,-0.666666666666667,3.33333333333333,2.66666666666667,0.666666666666667
"X101",2.08333333333333,2.83333333333333,0.75,3,1,2,2.66666666666667,1,1.66666666666667
"X102",1.5,3.33333333333333,1.83333333333333,1,3.33333333333333,-2.33333333333333,3,1.5,1.5
"X103",1.58333333333333,2.08333333333333,0.5,1,2,-1,5,1,4
"X104",1.75,2.66666666666667,0.916666666666667,2.66666666666667,4.66666666666667,-2,6.66666666666667,1.16666666666667,5.5
"X105",4.25,4.25,0,1.33333333333333,1,0.333333333333333,2.83333333333333,1.5,1.33333333333333
"X106",2.33333333333333,4.25,1.91666666666667,4.66666666666667,4,0.666666666666667,3.66666666666667,1.5,2.16666666666667
"X107",2.66666666666667,3.5,0.833333333333333,2,4.66666666666667,-2.66666666666667,5.33333333333333,2.66666666666667,2.66666666666667
"X108",4.33333333333333,5,0.666666666666667,3.33333333333333,3.33333333333333,0,5.16666666666667,3.16666666666667,2
"X109",2,2.33333333333333,0.333333333333333,2,2,0,3.33333333333333,2,1.33333333333333
"X110",4.41666666666667,4.41666666666667,0,5,4.66666666666667,0.333333333333333,5,4.16666666666667,0.833333333333333
"X111",4.16666666666667,4.75,0.583333333333333,2,5,-3,6,2,4
"X112",1.41666666666667,2,0.583333333333333,2.33333333333333,2.66666666666667,-0.333333333333333,5.33333333333333,2.5,2.83333333333333
"X113",2.75,2.83333333333333,0.0833333333333335,2,4,-2,3.5,1.33333333333333,2.16666666666667
"X114",1,1,0,1.33333333333333,1.33333333333333,0,3.16666666666667,1.66666666666667,1.5
"X115",2.83333333333333,3.08333333333333,0.25,2.66666666666667,2.66666666666667,0,4.16666666666667,1.66666666666667,2.5
"X116",3.25,3.83333333333333,0.583333333333333,2.66666666666667,3.66666666666667,-1,3.33333333333333,2.33333333333333,1
"X117",1,1,0,1,1,0,5.16666666666667,1.5,3.66666666666667
"X118",1.33333333333333,1,-0.333333333333333,1.33333333333333,1.66666666666667,-0.333333333333333,4.16666666666667,4,0.166666666666667
"X119",4,3,-1,4,4,0,4,4,0
"X120",4.5,4.5,0,2.66666666666667,5.33333333333333,-2.66666666666667,4.5,3.33333333333333,1.16666666666667
"X121",4,4,0,7,6,1,5.33333333333333,5.33333333333333,0
"X122",1.75,3,1.25,1,1.66666666666667,-0.666666666666667,1.16666666666667,2.5,-1.33333333333333
"X123",3.83333333333333,3.83333333333333,0,6,5.66666666666667,0.333333333333333,5.5,4.83333333333333,0.666666666666667
"X124",1.25,1.5,0.25,1.33333333333333,1.33333333333333,0,2.66666666666667,1.83333333333333,0.833333333333333
"X125",1.5,1.91666666666667,0.416666666666667,1,1,0,3.83333333333333,1,2.83333333333333
"X126",2.5,2.83333333333333,0.333333333333333,3,3.33333333333333,-0.333333333333333,2.16666666666667,1.33333333333333,0.833333333333333
"X127",3.33333333333333,4.08333333333333,0.75,5.33333333333333,3,2.33333333333333,4.5,3.5,1
"X128",3.83333333333333,4,0.166666666666667,5.66666666666667,6.66666666666667,-1,5,6,-1
"X129",1.08333333333333,2.16666666666667,1.08333333333333,3.33333333333333,4,-0.666666666666667,5,2.66666666666667,2.33333333333333
"X130",1.33333333333333,1.33333333333333,0,1.33333333333333,2.33333333333333,-1,5.5,1.5,4
"X131",4.16666666666667,5.83333333333333,1.66666666666667,6.66666666666667,5.66666666666667,1,4.83333333333333,3.83333333333333,1
"X132",1,1.75,0.75,1,2.33333333333333,-1.33333333333333,2.5,1,1.5
"X133",1,1,0,1,1.33333333333333,-0.333333333333333,4.33333333333333,1.5,2.83333333333333
"X134",1.08333333333333,1.91666666666667,0.833333333333333,2.66666666666667,3,-0.333333333333333,4.5,2.33333333333333,2.16666666666667
"X135",3.41666666666667,3.66666666666667,0.25,3.33333333333333,1.33333333333333,2,4.5,2,2.5
"X136",4.5,4.91666666666667,0.416666666666667,3.33333333333333,5.33333333333333,-2,4.66666666666667,2.83333333333333,1.83333333333333
"X137",2.25,3.25,1,4,3.66666666666667,0.333333333333333,3.83333333333333,1.66666666666667,2.16666666666667
"X138",3.16666666666667,2.83333333333333,-0.333333333333333,3,3.33333333333333,-0.333333333333333,2.33333333333333,2.16666666666667,0.166666666666667
"X139",3,3.08333333333333,0.0833333333333335,1,1.33333333333333,-0.333333333333333,4.16666666666667,1.66666666666667,2.5
"X140",3.5,5.33333333333333,1.83333333333333,1.66666666666667,1.33333333333333,0.333333333333333,5.16666666666667,1,4.16666666666667
"X141",4.08333333333333,3.83333333333333,-0.25,4.66666666666667,3.66666666666667,1,4.33333333333333,3.66666666666667,0.666666666666667
"X142",1.5,1.25,-0.25,1,2.33333333333333,-1.33333333333333,2.33333333333333,1,1.33333333333333
"X143",2.75,3,0.25,3.33333333333333,3.33333333333333,0,4.33333333333333,2.33333333333333,2
"X144",2.91666666666667,3.25,0.333333333333333,2.66666666666667,3,-0.333333333333333,3.33333333333333,2.33333333333333,1
"X145",3,4.91666666666667,1.91666666666667,4,5.66666666666667,-1.66666666666667,4,1.16666666666667,2.83333333333333
"X146",1.5,3.16666666666667,1.66666666666667,1.33333333333333,2.33333333333333,-1,5.66666666666667,2.5,3.16666666666667
"X147",1.5,1.75,0.25,1.33333333333333,2.66666666666667,-1.33333333333333,4.16666666666667,2.5,1.66666666666667
"X148",2.25,3,0.75,1.66666666666667,1,0.666666666666667,6,2.16666666666667,3.83333333333333
"X149",2,2,0,2,1,1,2.83333333333333,2,0.833333333333333
"X150",4.5,5.83333333333333,1.33333333333333,4.66666666666667,5.66666666666667,-1,4.66666666666667,4,0.666666666666667
"X151",1,2.16666666666667,1.16666666666667,1,1,0,5.83333333333333,1.66666666666667,4.16666666666667
"X152",1.16666666666667,1.5,0.333333333333333,2.66666666666667,1.66666666666667,1,4,3.16666666666667,0.833333333333333
"X153",1.83333333333333,2.08333333333333,0.25,2,2,0,2.5,2.33333333333333,0.166666666666667
"X154",2.58333333333333,3.75,1.16666666666667,2.33333333333333,3,-0.666666666666667,4,1.66666666666667,2.33333333333333
"X155",2,2.25,0.25,2,2,0,5.33333333333333,2.83333333333333,2.5
"X156",3.66666666666667,4,0.333333333333333,3.33333333333333,3.33333333333333,0,5,3.83333333333333,1.16666666666667
"X157",1.66666666666667,2.25,0.583333333333333,1,1,0,3.66666666666667,1.16666666666667,2.5
"X158",2.33333333333333,4.25,1.91666666666667,2,1.66666666666667,0.333333333333333,4.83333333333333,1.16666666666667,3.66666666666667
"X159",1.83333333333333,1.83333333333333,0,1,1,0,2.83333333333333,1,1.83333333333333
"X160",5.66666666666667,6,0.333333333333333,5,4.66666666666667,0.333333333333333,3,2,1
"X161",1,1,0,5,6,-1,5.16666666666667,2.5,2.66666666666667
"X162",4.5,4.5,0,6.33333333333333,6.33333333333333,0,5.5,5.5,0
"X163",1,1,0,3,3,0,4,1,3
"X164",2.5,3.66666666666667,1.16666666666667,4.66666666666667,4.66666666666667,0,3.33333333333333,1.83333333333333,1.5
"X165",2.16666666666667,1,-1.16666666666667,2,2.33333333333333,-0.333333333333333,3.83333333333333,2.83333333333333,1
"X166",1,4.33333333333333,3.33333333333333,1,1,0,3,1,2
"X167",1.41666666666667,1.5,0.0833333333333333,1.33333333333333,1.66666666666667,-0.333333333333333,4.83333333333333,1.66666666666667,3.16666666666667
"X168",1.91666666666667,1.5,-0.416666666666667,3,3,0,4.5,1.5,3
"X169",1.33333333333333,2.08333333333333,0.75,1,1,0,3.5,1,2.5
"X170",2.33333333333333,3.16666666666667,0.833333333333333,1.66666666666667,2.33333333333333,-0.666666666666667,5.16666666666667,2.33333333333333,2.83333333333333
"X171",2.25,2.25,0,7,7,0,4.66666666666667,2.83333333333333,1.83333333333333
"X172",2.5,3,0.5,5,3.66666666666667,1.33333333333333,5,3,2
"X173",2,3.08333333333333,1.08333333333333,4,4,0,3.83333333333333,1.83333333333333,2
"X174",3.08333333333333,2.83333333333333,-0.25,1.33333333333333,1.66666666666667,-0.333333333333333,3.33333333333333,2.5,0.833333333333333
"X175",1,2.08333333333333,1.08333333333333,1.66666666666667,1.66666666666667,0,3.16666666666667,1.66666666666667,1.5
"X176",1,3.75,2.75,1.66666666666667,3.66666666666667,-2,4.66666666666667,1.5,3.16666666666667
"X177",3.41666666666667,4.08333333333333,0.666666666666667,3,3.33333333333333,-0.333333333333333,4.5,2.83333333333333,1.66666666666667
"X178",4.16666666666667,5.66666666666667,1.5,1.66666666666667,4.33333333333333,-2.66666666666667,4.83333333333333,1.66666666666667,3.16666666666667
"X179",2.83333333333333,4.33333333333333,1.5,2.33333333333333,3.33333333333333,-1,2.33333333333333,1,1.33333333333333
"X180",2.41666666666667,3.66666666666667,1.25,1,2.33333333333333,-1.33333333333333,5,1.16666666666667,3.83333333333333
"X181",3.08333333333333,3.91666666666667,0.833333333333333,3,4.66666666666667,-1.66666666666667,4.16666666666667,2,2.16666666666667
"X182",4.5,3.91666666666667,-0.583333333333333,5.66666666666667,5.33333333333333,0.333333333333334,5.66666666666667,5.33333333333333,0.333333333333334
"X183",2.5,2.83333333333333,0.333333333333333,2.33333333333333,1.66666666666667,0.666666666666667,2.16666666666667,2.16666666666667,0
"X184",4.25,4.91666666666667,0.666666666666667,3.66666666666667,3.66666666666667,0,2.83333333333333,2.16666666666667,0.666666666666667
"X185",3.08333333333333,3.08333333333333,0,3,4.66666666666667,-1.66666666666667,4.5,2.16666666666667,2.33333333333333
"X186",1.58333333333333,2.25,0.666666666666667,2.66666666666667,3.33333333333333,-0.666666666666667,2,2.33333333333333,-0.333333333333333
"X187",1.5,2,0.5,2.66666666666667,3.66666666666667,-1,3.66666666666667,2.83333333333333,0.833333333333333
"X188",1.5,1,-0.5,1,1,0,1.83333333333333,1,0.833333333333333
"X189",2.83333333333333,3,0.166666666666667,2.66666666666667,1.66666666666667,1,1.66666666666667,1.5,0.166666666666667
"X190",3,4.41666666666667,1.41666666666667,2.66666666666667,2.66666666666667,0,3.5,2,1.5
"X191",4.25,4.66666666666667,0.416666666666667,2,4,-2,2.5,1,1.5
"X192",3.25,3.66666666666667,0.416666666666667,3,3.33333333333333,-0.333333333333333,3.16666666666667,3.33333333333333,-0.166666666666667
"X193",4.5,3.5,-1,2.66666666666667,4,-1.33333333333333,1,2.16666666666667,-1.16666666666667
"X194",3.16666666666667,5.58333333333333,2.41666666666667,6.66666666666667,5,1.66666666666667,3.16666666666667,1.83333333333333,1.33333333333333
"X195",2.58333333333333,2.41666666666667,-0.166666666666667,1.66666666666667,3.33333333333333,-1.66666666666667,3.5,1.16666666666667,2.33333333333333
"X196",4,4.33333333333333,0.333333333333333,4.33333333333333,4.33333333333333,0,4.83333333333333,3.66666666666667,1.16666666666667
"X197",4.66666666666667,4.58333333333333,-0.0833333333333339,6,6,0,3,1.66666666666667,1.33333333333333
"X198",3,2.5,-0.5,2.66666666666667,2.33333333333333,0.333333333333333,4.16666666666667,2.5,1.66666666666667
"X199",3.91666666666667,4.16666666666667,0.25,5,5.33333333333333,-0.333333333333333,5,4.33333333333333,0.666666666666667
"X200",2.83333333333333,2.83333333333333,0,5,5,0,4.66666666666667,3.83333333333333,0.833333333333333
"X201",2.5,3.5,1,1.33333333333333,2,-0.666666666666667,2.5,1.5,1
"X202",4,4.41666666666667,0.416666666666667,3.33333333333333,5,-1.66666666666667,5,3.66666666666667,1.33333333333333
"X203",3.91666666666667,5.5,1.58333333333333,5.33333333333333,5.66666666666667,-0.333333333333334,5,1.66666666666667,3.33333333333333
"X204",2.83333333333333,4,1.16666666666667,2,3.33333333333333,-1.33333333333333,4.66666666666667,2.5,2.16666666666667
"X205",2,5.66666666666667,3.66666666666667,2.33333333333333,2.66666666666667,-0.333333333333333,2.16666666666667,1.83333333333333,0.333333333333333
"X206",3.16666666666667,3.16666666666667,0,5.33333333333333,2.33333333333333,3,3,1.33333333333333,1.66666666666667
"X207",1.75,3.08333333333333,1.33333333333333,1,2.66666666666667,-1.66666666666667,5,1.66666666666667,3.33333333333333
"X208",2,2,0,4,4,0,4,4.16666666666667,-0.166666666666667
"X209",2.25,3.08333333333333,0.833333333333333,1,4.33333333333333,-3.33333333333333,3.66666666666667,1,2.66666666666667
"X210",4,4.83333333333333,0.833333333333333,4,4.33333333333333,-0.333333333333333,2.66666666666667,1.16666666666667,1.5
"X211",1,1,0,1,1,0,6.16666666666667,2.33333333333333,3.83333333333333
"X212",7,7,0,7,6.66666666666667,0.333333333333333,1.16666666666667,1,0.166666666666667
"X213",4.66666666666667,3.16666666666667,-1.5,3.66666666666667,4.66666666666667,-1,3,4.16666666666667,-1.16666666666667
"X214",3,3.75,0.75,1.66666666666667,2.66666666666667,-1,3.83333333333333,1.33333333333333,2.5
"X215",3.25,6.16666666666667,2.91666666666667,3.66666666666667,4,-0.333333333333333,4.16666666666667,2.16666666666667,2
"X216",2.16666666666667,3.33333333333333,1.16666666666667,4.66666666666667,6.33333333333333,-1.66666666666667,4.16666666666667,2,2.16666666666667
"X217",1,1.5,0.5,1,1,0,2.66666666666667,1.5,1.16666666666667
"X218",3,3.91666666666667,0.916666666666667,4.66666666666667,5.66666666666667,-1,5.16666666666667,1.33333333333333,3.83333333333333
"X219",1.66666666666667,1.83333333333333,0.166666666666667,1,1.33333333333333,-0.333333333333333,6,1,5
"X220",1.33333333333333,1.16666666666667,-0.166666666666667,2,2,0,2.5,1.66666666666667,0.833333333333333
"X221",3.91666666666667,5.41666666666667,1.5,6,6,0,3.83333333333333,1.66666666666667,2.16666666666667
"X222",3,4.66666666666667,1.66666666666667,5,3.33333333333333,1.66666666666667,3,3.16666666666667,-0.166666666666667
"X223",4.16666666666667,6.16666666666667,2,2.33333333333333,5.33333333333333,-3,4.33333333333333,2.16666666666667,2.16666666666667
"X224",2.83333333333333,2.66666666666667,-0.166666666666667,2,3,-1,4.33333333333333,2.33333333333333,2
"X225",2.33333333333333,3.08333333333333,0.75,2.33333333333333,4.33333333333333,-2,4.5,1.16666666666667,3.33333333333333
"X226",3.08333333333333,4.75,1.66666666666667,5.33333333333333,6,-0.666666666666667,3,2,1
"X227",2.33333333333333,2.83333333333333,0.5,1.33333333333333,2.66666666666667,-1.33333333333333,2.83333333333333,1.33333333333333,1.5
"X228",7,7,0,5,5.66666666666667,-0.666666666666667,2,1.33333333333333,0.666666666666667
"X229",1.16666666666667,1.16666666666667,0,1,1.33333333333333,-0.333333333333333,3.83333333333333,2.5,1.33333333333333
"X230",1,1,0,1,1.33333333333333,-0.333333333333333,5.33333333333333,1,4.33333333333333
"X231",4.08333333333333,4.25,0.166666666666667,5.33333333333333,5,0.333333333333333,5,5,0
"X232",2.83333333333333,4,1.16666666666667,1.66666666666667,3.33333333333333,-1.66666666666667,3.66666666666667,1.33333333333333,2.33333333333333
"X233",4.25,4.16666666666667,-0.083333333333333,2,5,-3,4.16666666666667,2,2.16666666666667
"X234",2.41666666666667,2.16666666666667,-0.25,1,3,-2,5.33333333333333,2,3.33333333333333
"X235",1.91666666666667,4.08333333333333,2.16666666666667,1,1,0,1,1,0
"X236",3.58333333333333,5.08333333333333,1.5,2.66666666666667,4.33333333333333,-1.66666666666667,3.5,1.83333333333333,1.66666666666667
"X237",1.83333333333333,2.58333333333333,0.75,1,1,0,2.83333333333333,1.33333333333333,1.5
"X238",3,3.91666666666667,0.916666666666667,3,3,0,3.66666666666667,2,1.66666666666667
"X239",1.25,1.58333333333333,0.333333333333333,1.66666666666667,3,-1.33333333333333,5,1.66666666666667,3.33333333333333
"X240",1,1.16666666666667,0.166666666666667,1.33333333333333,2,-0.666666666666667,3.83333333333333,1.66666666666667,2.16666666666667
"X241",2.33333333333333,2.58333333333333,0.25,2.33333333333333,2.33333333333333,0,3.16666666666667,2.16666666666667,1
"X242",2.83333333333333,5.83333333333333,3,6,3.66666666666667,2.33333333333333,1.66666666666667,2.16666666666667,-0.5
"X243",3,7,4,3.33333333333333,3.33333333333333,0,2.5,2,0.5
"X244",4.16666666666667,4.16666666666667,0,5.33333333333333,5.33333333333333,0,4.5,5.16666666666667,-0.666666666666667
"X245",3.91666666666667,4.08333333333333,0.166666666666667,5,4.66666666666667,0.333333333333333,4.83333333333333,4,0.833333333333333
"X246",3,4.08333333333333,1.08333333333333,1.66666666666667,3,-1.33333333333333,3.5,2.33333333333333,1.16666666666667
"X247",4.58333333333333,4,-0.583333333333333,4,5,-1,4,5,-1
"X248",1.25,1.25,0,1.33333333333333,1,0.333333333333333,4.16666666666667,3,1.16666666666667
"X249",5,5.25,0.25,2,2.66666666666667,-0.666666666666667,3.16666666666667,4,-0.833333333333333
"X250",3.58333333333333,4.83333333333333,1.25,2,3,-1,4.16666666666667,2.33333333333333,1.83333333333333
"X251",3.66666666666667,2.91666666666667,-0.75,2.66666666666667,2,0.666666666666667,3,3.33333333333333,-0.333333333333333
"X252",3,3.83333333333333,0.833333333333333,1.66666666666667,3,-1.33333333333333,4,2.33333333333333,1.66666666666667
"X253",4.66666666666667,4.75,0.083333333333333,1,1,0,1,2,-1
"X254",1.75,3.5,1.75,1,1,0,3.33333333333333,1.33333333333333,2
"X255",4.25,4.08333333333333,-0.166666666666667,6,5.66666666666667,0.333333333333333,5,4.83333333333333,0.166666666666667
"X256",1.16666666666667,3.91666666666667,2.75,4,1.33333333333333,2.66666666666667,5,2.16666666666667,2.83333333333333
"X257",1.41666666666667,1.58333333333333,0.166666666666667,1.66666666666667,2.33333333333333,-0.666666666666667,3,2.33333333333333,0.666666666666667
"X258",2.83333333333333,3,0.166666666666667,1.66666666666667,2.33333333333333,-0.666666666666667,5.16666666666667,3.33333333333333,1.83333333333333
"X259",2,2,0,2,2,0,4,2,2
"X260",4.25,3.91666666666667,-0.333333333333333,3,3.33333333333333,-0.333333333333333,3.16666666666667,3.5,-0.333333333333333
"X261",4,4.08333333333333,0.083333333333333,5,6,-1,4,1.83333333333333,2.16666666666667
"X262",1.25,1.25,0,1,1,0,2.5,1.16666666666667,1.33333333333333
"X263",1.25,3.16666666666667,1.91666666666667,1.33333333333333,2.66666666666667,-1.33333333333333,3.16666666666667,1.16666666666667,2
"X264",2.75,2.58333333333333,-0.166666666666667,2,3.33333333333333,-1.33333333333333,3.83333333333333,1.16666666666667,2.66666666666667
"X265",4.16666666666667,4.75,0.583333333333333,3,3,0,3.66666666666667,3,0.666666666666667
"X266",4.91666666666667,5.41666666666667,0.5,2.66666666666667,2.66666666666667,0,3.5,2.5,1
"X267",4.08333333333333,3.83333333333333,-0.25,5.33333333333333,6,-0.666666666666667,5.5,5.33333333333333,0.166666666666667
"X268",1.66666666666667,1.5,-0.166666666666667,2.33333333333333,2,0.333333333333333,5.16666666666667,2.16666666666667,3
"X269",3.25,3.25,0,3.66666666666667,3.66666666666667,0,4.5,3.16666666666667,1.33333333333333
"X270",2,2.58333333333333,0.583333333333333,1.66666666666667,1.66666666666667,0,2.33333333333333,1,1.33333333333333
"X271",4.08333333333333,4.75,0.666666666666667,3,3,0,4,2.66666666666667,1.33333333333333
"X272",3.91666666666667,2.25,-1.66666666666667,2.66666666666667,4,-1.33333333333333,5,2,3
"X273",1.83333333333333,2.16666666666667,0.333333333333333,1,2.66666666666667,-1.66666666666667,3.16666666666667,1,2.16666666666667
"X274",3.83333333333333,3.83333333333333,0,5.66666666666667,6.66666666666667,-1,5.5,6,-0.5
"X275",1,1,0,1,3,-2,1,1,0
"X276",4.5,4.5,0,7,6.66666666666667,0.333333333333333,5.83333333333333,5.5,0.333333333333333
"X277",2.58333333333333,3.08333333333333,0.5,1.66666666666667,2.33333333333333,-0.666666666666667,3.16666666666667,2.33333333333333,0.833333333333333
"X278",3.83333333333333,4.08333333333333,0.25,2.33333333333333,1,1.33333333333333,1.33333333333333,1.16666666666667,0.166666666666667
"X279",1,1,0,1,1,0,2.66666666666667,1,1.66666666666667
"X280",4.25,4.25,0,6,5.33333333333333,0.666666666666667,5.33333333333333,4.5,0.833333333333333
"X281",2.33333333333333,2,-0.333333333333333,1.66666666666667,2.66666666666667,-1,4.33333333333333,2.5,1.83333333333333
"X282",3.66666666666667,5.58333333333333,1.91666666666667,3,3.66666666666667,-0.666666666666667,5.16666666666667,2.5,2.66666666666667
"X283",4,4.25,0.25,1.33333333333333,3.66666666666667,-2.33333333333333,3.5,2.16666666666667,1.33333333333333
"X284",1,1.58333333333333,0.583333333333333,5,3.66666666666667,1.33333333333333,2.5,1,1.5
"X285",4,4.25,0.25,5.66666666666667,6,-0.333333333333333,5.33333333333333,5,0.333333333333333
"X286",3.5,4.08333333333333,0.583333333333333,4,3,1,4,4,0
"X287",2,2,0,2,2,0,3.66666666666667,2.33333333333333,1.33333333333333
"X288",2.5,4,1.5,2.66666666666667,4.33333333333333,-1.66666666666667,4.16666666666667,1.33333333333333,2.83333333333333
"X289",2.83333333333333,3.41666666666667,0.583333333333333,1,1,0,1.66666666666667,1,0.666666666666667
"X290",4.16666666666667,4.66666666666667,0.5,2,4.33333333333333,-2.33333333333333,3.66666666666667,2.33333333333333,1.33333333333333
"X291",2.5,5.16666666666667,2.66666666666667,2.66666666666667,4.66666666666667,-2,3,1.16666666666667,1.83333333333333
"X292",4.25,4.16666666666667,-0.083333333333333,6,5,1,3.16666666666667,1.5,1.66666666666667
"X293",3.58333333333333,3.66666666666667,0.083333333333333,3.33333333333333,4.33333333333333,-1,3.16666666666667,4,-0.833333333333333
"X294",1.41666666666667,1.41666666666667,0,3,3.33333333333333,-0.333333333333333,4.33333333333333,3.33333333333333,1
"X295",4.16666666666667,4.16666666666667,0,5.66666666666667,5,0.666666666666667,4,2.16666666666667,1.83333333333333
"X296",2.16666666666667,2,-0.166666666666667,2.66666666666667,2,0.666666666666667,2.33333333333333,1.66666666666667,0.666666666666667
"X297",4.58333333333333,4.58333333333333,0,3.33333333333333,3.33333333333333,0,2.33333333333333,1.5,0.833333333333333
"X298",1.58333333333333,3.5,1.91666666666667,2,3,-1,4,2,2
"X299",3.33333333333333,3.58333333333333,0.25,3.66666666666667,4,-0.333333333333333,4,1.16666666666667,2.83333333333333
"X300",5.41666666666667,5.41666666666667,0,4,5.33333333333333,-1.33333333333333,4.16666666666667,1.66666666666667,2.5
"X301",2.75,5.83333333333333,3.08333333333333,4.66666666666667,3,1.66666666666667,1.66666666666667,2.16666666666667,-0.5
"X302",1.5,1.16666666666667,-0.333333333333333,1.33333333333333,3,-1.66666666666667,2.5,2,0.5
"X303",1.16666666666667,2.75,1.58333333333333,2,2.33333333333333,-0.333333333333333,5.33333333333333,2.33333333333333,3
"X304",3,3.25,0.25,2,2.33333333333333,-0.333333333333333,2.66666666666667,2.5,0.166666666666667
"X305",3.83333333333333,3.83333333333333,0,3.33333333333333,3.33333333333333,0,4,3,1
"X306",3.83333333333333,4,0.166666666666667,4.66666666666667,4.66666666666667,0,4,2.5,1.5
"X307",1.91666666666667,2.58333333333333,0.666666666666667,2,4.66666666666667,-2.66666666666667,5.33333333333333,2.33333333333333,3
"X308",1.25,1,-0.25,2.33333333333333,2.66666666666667,-0.333333333333333,4,1.83333333333333,2.16666666666667
"X309",2.16666666666667,3.41666666666667,1.25,3.33333333333333,2.66666666666667,0.666666666666667,5.66666666666667,3.66666666666667,2
"X310",2.66666666666667,2.66666666666667,0,3.66666666666667,4.33333333333333,-0.666666666666667,4.5,2.5,2
"X311",3.75,2.91666666666667,-0.833333333333333,2.33333333333333,2.66666666666667,-0.333333333333333,3.5,1.83333333333333,1.66666666666667
"X312",2.75,1.25,-1.5,7,7,0,3.66666666666667,1.83333333333333,1.83333333333333
"X313",4.33333333333333,3.83333333333333,-0.5,5.66666666666667,5.66666666666667,0,5,5.16666666666667,-0.166666666666667
"X314",1.33333333333333,2.58333333333333,1.25,2.66666666666667,2.33333333333333,0.333333333333333,3.66666666666667,2.16666666666667,1.5
"X315",1.16666666666667,1.41666666666667,0.25,1,1.33333333333333,-0.333333333333333,2.83333333333333,1.5,1.33333333333333
"X316",2.66666666666667,3.41666666666667,0.75,4.66666666666667,4.66666666666667,0,5.16666666666667,2.33333333333333,2.83333333333333
"X317",3.33333333333333,3.75,0.416666666666667,4.66666666666667,3.66666666666667,1,4.33333333333333,1.83333333333333,2.5
"X318",2.33333333333333,2.25,-0.0833333333333335,2.66666666666667,1.66666666666667,1,4.66666666666667,2.16666666666667,2.5
"X319",3.91666666666667,3.91666666666667,0,3.33333333333333,3.66666666666667,-0.333333333333333,3.16666666666667,2,1.16666666666667
"X320",1,1.25,0.25,3.66666666666667,2,1.66666666666667,3.66666666666667,4,-0.333333333333333
"X321",1.66666666666667,2.16666666666667,0.5,4.66666666666667,7,-2.33333333333333,3,2.66666666666667,0.333333333333333
"X322",3.5,3.25,-0.25,3.66666666666667,4.66666666666667,-1,4,4.16666666666667,-0.166666666666667
"X323",3.58333333333333,4.66666666666667,1.08333333333333,2.33333333333333,6,-3.66666666666667,4,1.83333333333333,2.16666666666667
"X324",1,4,3,3,4,-1,4,2.5,1.5
"X325",2.16666666666667,2.33333333333333,0.166666666666667,1,1,0,6,2.5,3.5
"X326",4.41666666666667,3.41666666666667,-1,3.33333333333333,3,0.333333333333333,3.83333333333333,3.83333333333333,0
"X327",1.5,1.5,0,1,1.66666666666667,-0.666666666666667,3.33333333333333,1.66666666666667,1.66666666666667
"X328",1.16666666666667,1.58333333333333,0.416666666666667,1,1,0,3,1.33333333333333,1.66666666666667
"X329",3.83333333333333,4.16666666666667,0.333333333333333,4.66666666666667,3.66666666666667,1,4.33333333333333,1.5,2.83333333333333
"X330",2.25,2.5,0.25,5,5,0,3.83333333333333,2.16666666666667,1.66666666666667
"X331",2.16666666666667,3.08333333333333,0.916666666666667,1,1.66666666666667,-0.666666666666667,2.83333333333333,1.83333333333333,1
"X332",1,1,0,1,2,-1,3.33333333333333,1.83333333333333,1.5
"X333",3.66666666666667,4,0.333333333333333,6,6.33333333333333,-0.333333333333333,5.66666666666667,5.16666666666667,0.5
"X334",3.41666666666667,4.66666666666667,1.25,4,4,0,4,4,0
"X335",1.66666666666667,1.58333333333333,-0.0833333333333335,2.66666666666667,1.66666666666667,1,4,1.83333333333333,2.16666666666667
"X336",4.66666666666667,5.16666666666667,0.5,4,3,1,4.16666666666667,5,-0.833333333333333
"X337",1.16666666666667,2.33333333333333,1.16666666666667,1,2,-1,4.5,2.66666666666667,1.83333333333333
"X338",2.5,2.58333333333333,0.0833333333333335,1.66666666666667,2,-0.333333333333333,3.83333333333333,1.83333333333333,2
"X339",3.66666666666667,4.08333333333333,0.416666666666667,7,5.66666666666667,1.33333333333333,4.33333333333333,3,1.33333333333333
"X340",3,3,0,2.33333333333333,3,-0.666666666666667,4,2.83333333333333,1.16666666666667
"X341",2,2.5,0.5,5,4,1,5,4.33333333333333,0.666666666666667
"X342",4,5.08333333333333,1.08333333333333,3,4,-1,3.5,1.33333333333333,2.16666666666667
"X343",4.16666666666667,5.41666666666667,1.25,2,5.33333333333333,-3.33333333333333,6,2,4
"X344",1.25,1.08333333333333,-0.166666666666667,1,1.66666666666667,-0.666666666666667,3.5,1,2.5
"X345",4.25,6.33333333333333,2.08333333333333,2.33333333333333,2.66666666666667,-0.333333333333333,4.66666666666667,2.5,2.16666666666667
"X346",4.08333333333333,4.08333333333333,0,3.66666666666667,3,0.666666666666667,3.33333333333333,2.33333333333333,1
"X347",2.33333333333333,3.75,1.41666666666667,3,4,-1,5.5,2.33333333333333,3.16666666666667
"X348",2.66666666666667,5.75,3.08333333333333,6.66666666666667,5.33333333333333,1.33333333333333,4.66666666666667,2.83333333333333,1.83333333333333
"X349",2.75,2.75,0,3.33333333333333,3.33333333333333,0,4.33333333333333,2.83333333333333,1.5
"X350",2.08333333333333,2.91666666666667,0.833333333333333,2.33333333333333,3,-0.666666666666667,4,3.33333333333333,0.666666666666667
"X351",2.58333333333333,7,4.41666666666667,7,6,1,3.33333333333333,6.33333333333333,-3
"X352",2.16666666666667,4.5,2.33333333333333,2,2.33333333333333,-0.333333333333333,2.83333333333333,2,0.833333333333333
"X353",2.91666666666667,5.66666666666667,2.75,1.33333333333333,3.33333333333333,-2,6.16666666666667,1,5.16666666666667
"X354",1,1,0,1,1,0,3,1,2
"X355",2.08333333333333,3.91666666666667,1.83333333333333,3,3.33333333333333,-0.333333333333333,2.16666666666667,1,1.16666666666667
"X356",5,5.16666666666667,0.166666666666667,3.33333333333333,4,-0.666666666666667,3.16666666666667,2.16666666666667,1
"X357",2.41666666666667,4.08333333333333,1.66666666666667,1.66666666666667,3.33333333333333,-1.66666666666667,5.83333333333333,1.33333333333333,4.5
"X358",1.91666666666667,2.25,0.333333333333333,1.66666666666667,1,0.666666666666667,3.83333333333333,1.66666666666667,2.16666666666667
"X359",1,2.75,1.75,5.66666666666667,6.66666666666667,-1,4.83333333333333,2,2.83333333333333
"X360",3.16666666666667,3.41666666666667,0.25,1.33333333333333,2.33333333333333,-1,5.33333333333333,1.33333333333333,4
"X361",1.33333333333333,1.41666666666667,0.0833333333333335,1.66666666666667,2,-0.333333333333333,2.5,1.33333333333333,1.16666666666667
"X362",4.25,4.08333333333333,-0.166666666666667,5.33333333333333,6,-0.666666666666667,5.66666666666667,5.16666666666667,0.5
"X363",3.5,3.5,0,3.66666666666667,4,-0.333333333333333,6,3.5,2.5
"X364",2,2.5,0.5,2,4.66666666666667,-2.66666666666667,5,3.33333333333333,1.66666666666667
"X365",1,1.75,0.75,1,1.66666666666667,-0.666666666666667,3,1.16666666666667,1.83333333333333
"X366",1.08333333333333,1.16666666666667,0.0833333333333335,1,1,0,2.33333333333333,1.5,0.833333333333333
"X367",4.33333333333333,4.08333333333333,-0.25,6,5.33333333333333,0.666666666666667,5.33333333333333,5,0.333333333333333
"X368",6.75,6.75,0,2.33333333333333,3,-0.666666666666667,2.83333333333333,2.66666666666667,0.166666666666667
"X369",3.16666666666667,4.91666666666667,1.75,1.66666666666667,1.66666666666667,0,3.33333333333333,2.66666666666667,0.666666666666667
"X370",1,1,0,1,1,0,2.66666666666667,1.33333333333333,1.33333333333333
"X371",5.25,5.25,0,4.66666666666667,3,1.66666666666667,3,1,2
"X372",2,2.33333333333333,0.333333333333333,2,5.33333333333333,-3.33333333333333,2.83333333333333,1.16666666666667,1.66666666666667
"X373",3.33333333333333,3.25,-0.0833333333333335,4.33333333333333,4.33333333333333,0,4.16666666666667,1.83333333333333,2.33333333333333
"X374",2.41666666666667,3.33333333333333,0.916666666666667,3.33333333333333,3.33333333333333,0,2.83333333333333,1,1.83333333333333
"X375",3,5.41666666666667,2.41666666666667,6,5,1,4.5,2.5,2
"X376",4.08333333333333,3.83333333333333,-0.25,6.66666666666667,6,0.666666666666667,5.5,6,-0.5
"X377",3.41666666666667,4,0.583333333333333,3.33333333333333,4.66666666666667,-1.33333333333333,3.33333333333333,2.5,0.833333333333333
"X378",4,4,0,5,5,0,4.66666666666667,4.83333333333333,-0.166666666666666
"X379",1.33333333333333,1.25,-0.0833333333333333,1.33333333333333,1,0.333333333333333,4,1,3
"X380",2,2,0,2,2.66666666666667,-0.666666666666667,4,2.33333333333333,1.66666666666667
"X381",1,1,0,2,1.66666666666667,0.333333333333333,6,1,5
"X382",3.33333333333333,5.33333333333333,2,1.33333333333333,5.33333333333333,-4,5.16666666666667,1.16666666666667,4
"X383",1.75,2.16666666666667,0.416666666666667,2.66666666666667,3,-0.333333333333333,4.16666666666667,2.33333333333333,1.83333333333333
"X384",3.66666666666667,3.75,0.0833333333333335,4.33333333333333,5,-0.666666666666667,4.5,4.66666666666667,-0.166666666666667
"X385",1.91666666666667,3.16666666666667,1.25,2,3.33333333333333,-1.33333333333333,3.5,2.33333333333333,1.16666666666667
"X386",1.16666666666667,1.58333333333333,0.416666666666667,1.33333333333333,1,0.333333333333333,2.16666666666667,1.5,0.666666666666667
"X387",2,3.75,1.75,2.66666666666667,4,-1.33333333333333,4.16666666666667,1.66666666666667,2.5
"X388",2.75,3.75,1,3.66666666666667,3.66666666666667,0,3.83333333333333,2,1.83333333333333
"X389",4.16666666666667,4.16666666666667,0,6.33333333333333,5.66666666666667,0.666666666666666,5.33333333333333,5.66666666666667,-0.333333333333334
"X390",3.75,3.41666666666667,-0.333333333333333,5,5,0,4.5,5.66666666666667,-1.16666666666667
"X391",3.41666666666667,4.58333333333333,1.16666666666667,4,3.33333333333333,0.666666666666667,2.16666666666667,1.5,0.666666666666667
"X392",2.5,2.75,0.25,2.33333333333333,2.33333333333333,0,5.5,2.66666666666667,2.83333333333333
"X393",3.75,4.16666666666667,0.416666666666667,4.33333333333333,4.66666666666667,-0.333333333333334,4.33333333333333,5,-0.666666666666667
"X394",2.66666666666667,4.58333333333333,1.91666666666667,6,6,0,4.5,2.16666666666667,2.33333333333333
"X395",3.5,5.33333333333333,1.83333333333333,6,5,1,2.33333333333333,1.83333333333333,0.5
"X396",3.33333333333333,3.91666666666667,0.583333333333333,4,5.33333333333333,-1.33333333333333,5,1.5,3.5
"X397",3.58333333333333,3.5,-0.0833333333333335,4.66666666666667,4.66666666666667,0,3.5,2.5,1
"X398",2.33333333333333,2.16666666666667,-0.166666666666667,6.33333333333333,2.33333333333333,4,4.33333333333333,2.83333333333333,1.5
"X399",3.16666666666667,3.83333333333333,0.666666666666667,4,4,0,4,4,0
"X400",2.83333333333333,3.33333333333333,0.5,3,5,-2,4.66666666666667,1.16666666666667,3.5
"X401",4.16666666666667,6.08333333333333,1.91666666666667,1,5.66666666666667,-4.66666666666667,5.66666666666667,2,3.66666666666667
"X402",2.41666666666667,2.66666666666667,0.25,2.66666666666667,3,-0.333333333333333,3.5,2.83333333333333,0.666666666666667
"X403",1.75,3.66666666666667,1.91666666666667,4.66666666666667,5.33333333333333,-0.666666666666666,3.16666666666667,2.66666666666667,0.5
"X404",3.16666666666667,4.66666666666667,1.5,2.33333333333333,3.66666666666667,-1.33333333333333,2.83333333333333,1.16666666666667,1.66666666666667
"X405",2.33333333333333,4.41666666666667,2.08333333333333,2.66666666666667,4.66666666666667,-2,5.83333333333333,2,3.83333333333333
"X406",3.58333333333333,4.08333333333333,0.5,3.66666666666667,5.33333333333333,-1.66666666666667,4.5,1.66666666666667,2.83333333333333
"X407",1.58333333333333,1.33333333333333,-0.25,2.33333333333333,2.66666666666667,-0.333333333333333,5,3.33333333333333,1.66666666666667
"X408",2.5,3,0.5,2,2,0,3.16666666666667,1.66666666666667,1.5
"X409",1.66666666666667,2.66666666666667,1,1,2,-1,2.83333333333333,1,1.83333333333333
"X410",2.83333333333333,2.58333333333333,-0.25,2,2.33333333333333,-0.333333333333333,5,2.33333333333333,2.66666666666667
"X411",2.25,3.83333333333333,1.58333333333333,2.33333333333333,2.66666666666667,-0.333333333333333,2.83333333333333,1.5,1.33333333333333
"X412",1.5,2,0.5,2.33333333333333,2.66666666666667,-0.333333333333333,3.5,2.33333333333333,1.16666666666667
"X413",2.08333333333333,2,-0.0833333333333335,3,3.66666666666667,-0.666666666666667,3.16666666666667,3,0.166666666666667
"X414",1.08333333333333,1,-0.0833333333333333,1,2,-1,2.5,1.83333333333333,0.666666666666667
"X415",4.66666666666667,7,2.33333333333333,1,7,-6,7,2,5
"X416",4.25,4.58333333333333,0.333333333333333,4,4.33333333333333,-0.333333333333333,4.33333333333333,4.16666666666667,0.166666666666666
"X417",4.75,4.75,0,6,6,0,4.16666666666667,2.83333333333333,1.33333333333333
"X418",5.33333333333333,5.66666666666667,0.333333333333334,4.33333333333333,1.66666666666667,2.66666666666667,3.33333333333333,2.5,0.833333333333333
"X419",4.25,4.41666666666667,0.166666666666667,5.66666666666667,6.33333333333333,-0.666666666666666,5.33333333333333,5.33333333333333,0
"X420",5.08333333333333,6.08333333333333,1,5.66666666666667,5.66666666666667,0,3.5,1.5,2
"X421",3.41666666666667,3.41666666666667,0,1.66666666666667,2.33333333333333,-0.666666666666667,5.16666666666667,2.66666666666667,2.5
"X422",1.66666666666667,2.25,0.583333333333333,1.33333333333333,4.33333333333333,-3,4.83333333333333,2,2.83333333333333
"X423",2.08333333333333,5,2.91666666666667,3.66666666666667,3.66666666666667,0,3.33333333333333,1.83333333333333,1.5
"X424",1.66666666666667,1.16666666666667,-0.5,1,3,-2,3.66666666666667,1.33333333333333,2.33333333333333
"X425",1.5,1.66666666666667,0.166666666666667,4.33333333333333,7,-2.66666666666667,3.33333333333333,1.66666666666667,1.66666666666667
"X426",3.83333333333333,3.66666666666667,-0.166666666666667,3.66666666666667,4,-0.333333333333333,4.33333333333333,4.33333333333333,0
"X427",2.83333333333333,4.08333333333333,1.25,2.66666666666667,4.66666666666667,-2,5.5,2.16666666666667,3.33333333333333
"X428",4.33333333333333,4.08333333333333,-0.25,4,5,-1,3.83333333333333,3,0.833333333333333
"X429",4.75,5.5,0.75,5.33333333333333,5,0.333333333333333,3.5,1.33333333333333,2.16666666666667
"X430",3.75,4.16666666666667,0.416666666666667,4.66666666666667,5,-0.333333333333333,5.16666666666667,4.66666666666667,0.5
"X431",1.91666666666667,1.91666666666667,0,2.66666666666667,2,0.666666666666667,3.83333333333333,2.66666666666667,1.16666666666667
"X432",2.16666666666667,2.33333333333333,0.166666666666667,1,1.66666666666667,-0.666666666666667,3.33333333333333,1.5,1.83333333333333
"X433",4.25,5.58333333333333,1.33333333333333,4,5,-1,2.83333333333333,2.66666666666667,0.166666666666667
"X434",2.58333333333333,3.5,0.916666666666667,1,2.66666666666667,-1.66666666666667,5.16666666666667,1.16666666666667,4
"X435",2.83333333333333,3,0.166666666666667,3.66666666666667,1.66666666666667,2,3.5,2.5,1
"X436",4.25,4.83333333333333,0.583333333333333,3.66666666666667,3.33333333333333,0.333333333333333,5.66666666666667,2,3.66666666666667
"X437",2,2.25,0.25,2.33333333333333,4.33333333333333,-2,4.16666666666667,1.16666666666667,3
"X438",3.25,4,0.75,3.33333333333333,4.33333333333333,-1,5,2.33333333333333,2.66666666666667
"X439",1,1.08333333333333,0.0833333333333333,1.33333333333333,4,-2.66666666666667,5.16666666666667,2.16666666666667,3
"X440",3,4.91666666666667,1.91666666666667,3.66666666666667,3.33333333333333,0.333333333333333,6.5,3.33333333333333,3.16666666666667
"X441",1.75,2.41666666666667,0.666666666666667,2.33333333333333,2.66666666666667,-0.333333333333333,3.5,1.33333333333333,2.16666666666667
"X442",1,1,0,4.66666666666667,3,1.66666666666667,4.66666666666667,2.16666666666667,2.5
"X443",1,1,0,1.33333333333333,2,-0.666666666666667,4,3.16666666666667,0.833333333333333
"X444",3.75,3.5,-0.25,6,5,1,5.66666666666667,5,0.666666666666667
"X445",4,4.25,0.25,5,6,-1,3.83333333333333,2.33333333333333,1.5
"X446",3.5,4.08333333333333,0.583333333333333,3.33333333333333,4,-0.666666666666667,3.66666666666667,1.66666666666667,2
"X447",3.75,4.33333333333333,0.583333333333333,3.66666666666667,4.33333333333333,-0.666666666666667,4.66666666666667,2,2.66666666666667
"X448",1.75,2.25,0.5,1,3.33333333333333,-2.33333333333333,4.5,1.16666666666667,3.33333333333333
"X449",1.66666666666667,2.08333333333333,0.416666666666667,1.66666666666667,1.33333333333333,0.333333333333333,2.83333333333333,1.33333333333333,1.5
"X450",1.33333333333333,2.5,1.16666666666667,1.33333333333333,1.66666666666667,-0.333333333333333,4,1.66666666666667,2.33333333333333
"X451",4.91666666666667,5.66666666666667,0.75,3,5.33333333333333,-2.33333333333333,5,2.83333333333333,2.16666666666667
"X452",1.16666666666667,4.5,3.33333333333333,3.33333333333333,5.33333333333333,-2,4.66666666666667,1,3.66666666666667
"X453",3.83333333333333,5.41666666666667,1.58333333333333,2.33333333333333,4,-1.66666666666667,4.16666666666667,2.5,1.66666666666667
"X454",1.41666666666667,2.08333333333333,0.666666666666667,1,2.33333333333333,-1.33333333333333,3.33333333333333,1.33333333333333,2
"X455",2.83333333333333,3.58333333333333,0.75,3.66666666666667,3.33333333333333,0.333333333333333,1.83333333333333,1.66666666666667,0.166666666666667
"X456",4.08333333333333,3.5,-0.583333333333333,6,6.66666666666667,-0.666666666666667,5.83333333333333,5.16666666666667,0.666666666666666
"X457",2.83333333333333,3.5,0.666666666666667,3,4.66666666666667,-1.66666666666667,3.16666666666667,2.16666666666667,1
"X458",2.66666666666667,3.75,1.08333333333333,7,7,0,4.33333333333333,1.5,2.83333333333333
"X459",1.33333333333333,3.66666666666667,2.33333333333333,3.66666666666667,1.66666666666667,2,5,2,3
"X460",3.25,3.41666666666667,0.166666666666667,4.33333333333333,3.33333333333333,1,2.33333333333333,1.83333333333333,0.5
"X461",1,1.41666666666667,0.416666666666667,1,2,-1,2.5,1.83333333333333,0.666666666666667
"X462",2,2.33333333333333,0.333333333333333,3,2,1,4,1.33333333333333,2.66666666666667
"X463",2.66666666666667,2.5,-0.166666666666667,2.33333333333333,2.33333333333333,0,3,2.16666666666667,0.833333333333333
"X464",1.58333333333333,4,2.41666666666667,1.33333333333333,2,-0.666666666666667,3,1,2
"X465",2.66666666666667,5.16666666666667,2.5,1.33333333333333,2,-0.666666666666667,3.16666666666667,2.33333333333333,0.833333333333333
"X466",2.08333333333333,3.83333333333333,1.75,1.66666666666667,3.66666666666667,-2,3.66666666666667,3,0.666666666666667
"X467",3.83333333333333,3.91666666666667,0.083333333333333,5.66666666666667,6.66666666666667,-1,5.16666666666667,5.83333333333333,-0.666666666666666
"X468",2,2,0,2.66666666666667,3,-0.333333333333333,4.5,2.66666666666667,1.83333333333333
"X469",3.91666666666667,5.41666666666667,1.5,1,1,0,3.5,1.16666666666667,2.33333333333333
"X470",1,2.16666666666667,1.16666666666667,1,1,0,2.83333333333333,1,1.83333333333333
"X471",1.66666666666667,4.25,2.58333333333333,2,2.66666666666667,-0.666666666666667,5,1.16666666666667,3.83333333333333
"X472",1,1,0,1,1,0,3.66666666666667,1.5,2.16666666666667
"X473",4.75,4.91666666666667,0.166666666666667,3,3.66666666666667,-0.666666666666667,3,1.33333333333333,1.66666666666667
"X474",1.25,2,0.75,1,1,0,2.83333333333333,1.66666666666667,1.16666666666667
"X475",2,4.16666666666667,2.16666666666667,2,2,0,4.16666666666667,2.83333333333333,1.33333333333333
"X476",3,3,0,2.66666666666667,2.66666666666667,0,4.33333333333333,2.33333333333333,2
"X477",6.16666666666667,7,0.833333333333333,5,7,-2,7,1,6
"X478",4.41666666666667,4.33333333333333,-0.0833333333333339,4,5,-1,4.5,4,0.5
"X479",1.66666666666667,1.58333333333333,-0.0833333333333335,2,2.33333333333333,-0.333333333333333,2.83333333333333,2,0.833333333333333
"X480",4,4,0,3.66666666666667,4,-0.333333333333333,3.83333333333333,3.5,0.333333333333333
"X481",2.25,2.83333333333333,0.583333333333333,3,3,0,3.83333333333333,2.66666666666667,1.16666666666667
"X482",1.25,3.41666666666667,2.16666666666667,1,2,-1,3.66666666666667,1,2.66666666666667
"X483",2.25,2.58333333333333,0.333333333333333,2.33333333333333,3.33333333333333,-1,2.83333333333333,1.66666666666667,1.16666666666667
"X484",3.91666666666667,4,0.0833333333333335,6.33333333333333,5.66666666666667,0.666666666666666,5.66666666666667,5.16666666666667,0.5
"X485",4.91666666666667,5,0.083333333333333,5.66666666666667,4,1.66666666666667,4.83333333333333,4.66666666666667,0.166666666666666
"X486",4.33333333333333,4.58333333333333,0.25,4.66666666666667,3,1.66666666666667,4.83333333333333,4.83333333333333,0
"X487",1.5,2.91666666666667,1.41666666666667,1,1,0,4.33333333333333,1,3.33333333333333
"X488",4.25,4,-0.25,2.33333333333333,4,-1.66666666666667,2.66666666666667,3,-0.333333333333333
"X489",1,1.25,0.25,1.66666666666667,2,-0.333333333333333,3.83333333333333,2,1.83333333333333
"X490",3.08333333333333,3.83333333333333,0.75,4.33333333333333,4,0.333333333333333,2.66666666666667,1.16666666666667,1.5
"X491",3.25,6,2.75,4,4.66666666666667,-0.666666666666667,3.5,2.66666666666667,0.833333333333333
"X492",1.66666666666667,1.66666666666667,0,1.33333333333333,1,0.333333333333333,2.83333333333333,1.16666666666667,1.66666666666667
"X493",5,4.5,-0.5,6,6,0,3.5,2.5,1
"X494",5,5.91666666666667,0.916666666666667,1,2.33333333333333,-1.33333333333333,3.66666666666667,1.16666666666667,2.5
"X495",1.83333333333333,2.33333333333333,0.5,1.33333333333333,1.33333333333333,0,3.33333333333333,1.33333333333333,2
"X496",1.75,2.25,0.5,2,2.66666666666667,-0.666666666666667,4.83333333333333,2,2.83333333333333
"X497",2.91666666666667,4,1.08333333333333,2,2.66666666666667,-0.666666666666667,4.16666666666667,3.5,0.666666666666667
"X498",2,7,5,5,3.66666666666667,1.33333333333333,3,2.16666666666667,0.833333333333333
"X499",4.91666666666667,5.25,0.333333333333333,3,6,-3,3.83333333333333,2.5,1.33333333333333
"X500",3,4.66666666666667,1.66666666666667,5,5,0,5,1.83333333333333,3.16666666666667
"X501",2.08333333333333,4.75,2.66666666666667,5.33333333333333,6.66666666666667,-1.33333333333333,6.5,1.83333333333333,4.66666666666667
"X502",4.08333333333333,4.41666666666667,0.333333333333334,2.66666666666667,3,-0.333333333333333,4.83333333333333,2.16666666666667,2.66666666666667
"X503",3.66666666666667,3,-0.666666666666667,3.66666666666667,4,-0.333333333333333,3.66666666666667,4.16666666666667,-0.5
"X504",4,4.41666666666667,0.416666666666667,4,5,-1,5.16666666666667,2.66666666666667,2.5
"X505",5,5,0,4.66666666666667,4.66666666666667,0,2.33333333333333,2.16666666666667,0.166666666666667
"X506",1,3.08333333333333,2.08333333333333,2,2,0,4.5,2.33333333333333,2.16666666666667
"X507",2.5,2.41666666666667,-0.0833333333333335,2,4.33333333333333,-2.33333333333333,4.16666666666667,1.66666666666667,2.5
"X508",1.66666666666667,2.33333333333333,0.666666666666667,2,2,0,3.66666666666667,2,1.66666666666667
"X509",3.91666666666667,5.08333333333333,1.16666666666667,2.66666666666667,4.66666666666667,-2,4.5,2.33333333333333,2.16666666666667
"X510",4.5,4.58333333333333,0.083333333333333,6.33333333333333,6.33333333333333,0,6,5.66666666666667,0.333333333333333
"X511",6.58333333333333,4.91666666666667,-1.66666666666667,1,1,0,1,1.33333333333333,-0.333333333333333
"X512",2.58333333333333,2.5,-0.0833333333333335,2.33333333333333,2,0.333333333333333,5.5,2.16666666666667,3.33333333333333
"X513",3.41666666666667,3.75,0.333333333333333,1,3.33333333333333,-2.33333333333333,4.16666666666667,2.83333333333333,1.33333333333333
"X514",2.5,4.41666666666667,1.91666666666667,2.66666666666667,5.33333333333333,-2.66666666666667,4.5,1.83333333333333,2.66666666666667
"X515",2.41666666666667,4.75,2.33333333333333,2.66666666666667,4.33333333333333,-1.66666666666667,4.33333333333333,2,2.33333333333333
"X516",2.83333333333333,3.16666666666667,0.333333333333333,3,3,0,1.33333333333333,1.16666666666667,0.166666666666667
"X517",1,1.75,0.75,1,2,-1,6.33333333333333,1,5.33333333333333
"X518",5.25,4.75,-0.5,1.33333333333333,3.66666666666667,-2.33333333333333,5.83333333333333,2.5,3.33333333333333
"X519",1.5,1.08333333333333,-0.416666666666667,1,2,-1,4.5,2,2.5
"X520",1.25,4.08333333333333,2.83333333333333,1.33333333333333,1,0.333333333333333,4.33333333333333,1.83333333333333,2.5
"X521",1.58333333333333,2.83333333333333,1.25,2,3,-1,5.16666666666667,2.16666666666667,3
"X522",4.16666666666667,3.91666666666667,-0.25,6,6.66666666666667,-0.666666666666667,3.83333333333333,4.83333333333333,-1
"X523",1.16666666666667,1.75,0.583333333333333,1.33333333333333,1.66666666666667,-0.333333333333333,2.33333333333333,1.5,0.833333333333333
"X524",3.58333333333333,4.41666666666667,0.833333333333333,5,7,-2,2.83333333333333,1.5,1.33333333333333
"X525",2.16666666666667,3.16666666666667,1,1.33333333333333,1.66666666666667,-0.333333333333333,2.5,1.66666666666667,0.833333333333333
"X526",4.58333333333333,3.66666666666667,-0.916666666666667,5.33333333333333,4.33333333333333,1,3.83333333333333,4.83333333333333,-1
"X527",3.41666666666667,4.58333333333333,1.16666666666667,2.33333333333333,3.33333333333333,-1,2.5,2,0.5
"X528",2.16666666666667,2.83333333333333,0.666666666666667,2.33333333333333,2,0.333333333333333,1.16666666666667,1.16666666666667,0
"X529",1.91666666666667,2.33333333333333,0.416666666666667,2.33333333333333,2.66666666666667,-0.333333333333333,4.66666666666667,2.33333333333333,2.33333333333333
"X530",4.33333333333333,4.66666666666667,0.333333333333334,5,4.33333333333333,0.666666666666667,4.33333333333333,4.5,-0.166666666666667
"X531",3.25,3.16666666666667,-0.0833333333333335,7,4.66666666666667,2.33333333333333,2.66666666666667,5.16666666666667,-2.5
"X532",3.33333333333333,3.91666666666667,0.583333333333333,2.66666666666667,4.33333333333333,-1.66666666666667,4,1.83333333333333,2.16666666666667
"X533",1.25,3.75,2.5,4.66666666666667,6.66666666666667,-2,5.5,1.83333333333333,3.66666666666667
"X534",3.33333333333333,6.08333333333333,2.75,2.66666666666667,6.66666666666667,-4,5.16666666666667,1.66666666666667,3.5
"X535",3.83333333333333,4.08333333333333,0.25,3,1,2,6.33333333333333,2.33333333333333,4
"X536",1,2.33333333333333,1.33333333333333,5,1.66666666666667,3.33333333333333,3,1.83333333333333,1.16666666666667
"X537",1,1,0,2.33333333333333,2.66666666666667,-0.333333333333333,5,2.33333333333333,2.66666666666667
"X538",5.5,5.5,0,4,4,0,4,4,0
"X539",1.75,1.83333333333333,0.0833333333333333,1,1,0,4,1.83333333333333,2.16666666666667
"X540",4.08333333333333,5.33333333333333,1.25,3.66666666666667,2.66666666666667,1,2.66666666666667,3.16666666666667,-0.5
"X541",4.66666666666667,5,0.333333333333333,5.33333333333333,6,-0.666666666666667,5.5,1.66666666666667,3.83333333333333
"X542",1.5,1.58333333333333,0.0833333333333333,1.33333333333333,2,-0.666666666666667,4.16666666666667,2.66666666666667,1.5
"X543",1,1.08333333333333,0.0833333333333333,1,2.33333333333333,-1.33333333333333,4.16666666666667,1.83333333333333,2.33333333333333
"X544",2,4,2,1,3.33333333333333,-2.33333333333333,3,2.16666666666667,0.833333333333333
"X545",1.58333333333333,3.75,2.16666666666667,3.66666666666667,4,-0.333333333333333,4,2,2
"X546",3.91666666666667,4.25,0.333333333333333,6,6,0,5.33333333333333,5.33333333333333,0
"X547",4.33333333333333,4.25,-0.083333333333333,4,4.33333333333333,-0.333333333333333,4.5,4.83333333333333,-0.333333333333333
"X548",3.91666666666667,4.58333333333333,0.666666666666667,1.66666666666667,3.33333333333333,-1.66666666666667,5.83333333333333,1.5,4.33333333333333
"X549",3.91666666666667,4.08333333333333,0.166666666666667,3.66666666666667,4.33333333333333,-0.666666666666667,3.66666666666667,3.66666666666667,0
"X550",1,1,0,1,2,-1,4.5,2,2.5
"X551",1.83333333333333,5,3.16666666666667,2.33333333333333,6.33333333333333,-4,4.16666666666667,1.5,2.66666666666667
"X552",1.66666666666667,1.83333333333333,0.166666666666667,1.66666666666667,1.66666666666667,0,2.83333333333333,2.16666666666667,0.666666666666667
"X553",5.08333333333333,6.25,1.16666666666667,6.33333333333333,5,1.33333333333333,2.83333333333333,2,0.833333333333333
"X554",1,5.33333333333333,4.33333333333333,1,1.66666666666667,-0.666666666666667,3.16666666666667,1.33333333333333,1.83333333333333
"X555",2.66666666666667,4.91666666666667,2.25,2.33333333333333,3,-0.666666666666667,2.66666666666667,2.83333333333333,-0.166666666666667
"X556",3,3.25,0.25,1,2.33333333333333,-1.33333333333333,6.16666666666667,1.5,4.66666666666667
"X557",1,1.66666666666667,0.666666666666667,1,1.33333333333333,-0.333333333333333,2.16666666666667,1.5,0.666666666666667
"X558",4.08333333333333,3.83333333333333,-0.25,6.66666666666667,7,-0.333333333333333,4.33333333333333,3,1.33333333333333
"X559",1,1,0,1,1,0,4.16666666666667,1.33333333333333,2.83333333333333
"X560",1.66666666666667,2.25,0.583333333333333,1,1,0,2.83333333333333,1.83333333333333,1
"X561",2.5,4.66666666666667,2.16666666666667,5.66666666666667,4.33333333333333,1.33333333333333,5.33333333333333,1.66666666666667,3.66666666666667
"X562",3.33333333333333,4.16666666666667,0.833333333333333,5,4.66666666666667,0.333333333333333,3.83333333333333,2.33333333333333,1.5
"X563",3,3.83333333333333,0.833333333333333,3.66666666666667,4.66666666666667,-1,4.33333333333333,2,2.33333333333333
"X564",6.83333333333333,7,0.166666666666667,4,7,-3,2.66666666666667,1.5,1.16666666666667
"X565",5.33333333333333,4.33333333333333,-1,4.66666666666667,5.33333333333333,-0.666666666666666,5,5,0
"X566",3.16666666666667,3.66666666666667,0.5,1.33333333333333,3.33333333333333,-2,3.16666666666667,1,2.16666666666667
"X567",4.83333333333333,4.91666666666667,0.0833333333333339,5.33333333333333,5.33333333333333,0,4.83333333333333,2.16666666666667,2.66666666666667
"X568",1.5,2.16666666666667,0.666666666666667,1,1,0,2.5,1.33333333333333,1.16666666666667
"X569",4,4.16666666666667,0.166666666666667,3.66666666666667,3.66666666666667,0,4,3.33333333333333,0.666666666666667
"X570",1,5.58333333333333,4.58333333333333,1,5,-4,7,1,6
"X571",2.25,2.75,0.5,5,6,-1,3.66666666666667,1.66666666666667,2
"X572",7,7,0,7,7,0,1,1,0
"X573",4.25,4.08333333333333,-0.166666666666667,3.66666666666667,2.33333333333333,1.33333333333333,3.33333333333333,3.5,-0.166666666666667
"X574",3.91666666666667,3.91666666666667,0,3.33333333333333,3,0.333333333333333,4,4.5,-0.5
"X575",3.5,3.66666666666667,0.166666666666667,6.66666666666667,6,0.666666666666667,5.33333333333333,5.33333333333333,0
"X576",4,4,0,6,5.66666666666667,0.333333333333333,5.66666666666667,5.66666666666667,0
"X577",4,4.08333333333333,0.083333333333333,2.33333333333333,3.33333333333333,-1,4.83333333333333,3.5,1.33333333333333
"X578",2.75,3.5,0.75,1.33333333333333,3,-1.66666666666667,5.16666666666667,1.66666666666667,3.5
"X579",3.91666666666667,3.75,-0.166666666666667,5.33333333333333,5,0.333333333333333,5,5.5,-0.5
"X580",1.83333333333333,3.5,1.66666666666667,3.33333333333333,4.66666666666667,-1.33333333333333,4.66666666666667,2.16666666666667,2.5
"X581",1,1,0,1,1.33333333333333,-0.333333333333333,3.83333333333333,1.16666666666667,2.66666666666667
"X582",3.66666666666667,3.58333333333333,-0.083333333333333,4.66666666666667,5.66666666666667,-1,4.5,4.16666666666667,0.333333333333333
"X583",2.08333333333333,1.08333333333333,-1,1,2.66666666666667,-1.66666666666667,4.16666666666667,1.16666666666667,3
"X584",1.58333333333333,2.83333333333333,1.25,2,2.66666666666667,-0.666666666666667,3.66666666666667,2,1.66666666666667
"X585",2.33333333333333,3.41666666666667,1.08333333333333,3,4,-1,3.5,2,1.5
"X586",2.25,2.41666666666667,0.166666666666667,6.66666666666667,6,0.666666666666667,4.66666666666667,2.16666666666667,2.5
"X587",4.16666666666667,4,-0.166666666666667,5.33333333333333,5.66666666666667,-0.333333333333334,5.16666666666667,5.33333333333333,-0.166666666666666
"X588",1,1.33333333333333,0.333333333333333,1,1,0,2.66666666666667,1.33333333333333,1.33333333333333
"X589",4.5,4.75,0.25,4.66666666666667,5.66666666666667,-1,5.16666666666667,1.16666666666667,4
"X590",4.08333333333333,4.08333333333333,0,5.33333333333333,5.66666666666667,-0.333333333333334,5.66666666666667,4,1.66666666666667
"X591",4.08333333333333,3.91666666666667,-0.166666666666667,3.66666666666667,6,-2.33333333333333,5.16666666666667,4.33333333333333,0.833333333333334
"X592",1.66666666666667,1.5,-0.166666666666667,2,2,0,3.33333333333333,2.66666666666667,0.666666666666667
"X593",3.25,3.91666666666667,0.666666666666667,5,4,1,5.16666666666667,6.33333333333333,-1.16666666666667
"X594",3.5,4.66666666666667,1.16666666666667,3.66666666666667,3,0.666666666666667,4,4.66666666666667,-0.666666666666667
"X595",3.83333333333333,3.83333333333333,0,6,6,0,5.66666666666667,5,0.666666666666667
"X596",3,3.5,0.5,1.66666666666667,6.33333333333333,-4.66666666666667,2.66666666666667,1.5,1.16666666666667
"X597",2.5,2.66666666666667,0.166666666666667,2.66666666666667,4.33333333333333,-1.66666666666667,3.66666666666667,2,1.66666666666667
"X598",3.91666666666667,4.08333333333333,0.166666666666667,4.33333333333333,3.66666666666667,0.666666666666667,4,4,0
"X599",1.58333333333333,2.16666666666667,0.583333333333333,1.33333333333333,2.66666666666667,-1.33333333333333,1.33333333333333,1.33333333333333,0
"X600",3.58333333333333,3.75,0.166666666666667,5.33333333333333,5,0.333333333333333,4.66666666666667,5.16666666666667,-0.5
"X601",2,2,0,2,5,-3,4.66666666666667,3.33333333333333,1.33333333333333
"X602",1.33333333333333,3.16666666666667,1.83333333333333,3.33333333333333,4.33333333333333,-1,4,1.66666666666667,2.33333333333333
"X603",1.75,1.83333333333333,0.0833333333333333,1,3.33333333333333,-2.33333333333333,3.5,1.16666666666667,2.33333333333333
"X604",4.16666666666667,3.83333333333333,-0.333333333333333,5,5.33333333333333,-0.333333333333333,5.33333333333333,5.16666666666667,0.166666666666666
"X605",1.08333333333333,4.66666666666667,3.58333333333333,2.66666666666667,3.33333333333333,-0.666666666666667,2.16666666666667,1.16666666666667,1
"X606",2,1.83333333333333,-0.166666666666667,4,3.33333333333333,0.666666666666667,5.5,2.16666666666667,3.33333333333333
"X607",5.08333333333333,5.08333333333333,0,6.33333333333333,6,0.333333333333333,3.33333333333333,2,1.33333333333333
"X608",3.5,3.75,0.25,6.33333333333333,6.66666666666667,-0.333333333333334,5.66666666666667,5.33333333333333,0.333333333333334
"X609",4,4,0,6.33333333333333,5.33333333333333,1,3.16666666666667,5.66666666666667,-2.5
"X610",4,4.16666666666667,0.166666666666667,6,5.66666666666667,0.333333333333333,5,5.5,-0.5
"X611",4.08333333333333,4.16666666666667,0.0833333333333339,5.66666666666667,6.66666666666667,-1,5.16666666666667,5.33333333333333,-0.166666666666666
"X612",1,1,0,1,1,0,3.83333333333333,1.16666666666667,2.66666666666667
"X613",4.33333333333333,4.16666666666667,-0.166666666666666,5.33333333333333,5.66666666666667,-0.333333333333334,4.66666666666667,4.83333333333333,-0.166666666666666
"X614",4.08333333333333,4.08333333333333,0,3.66666666666667,3.33333333333333,0.333333333333333,4.66666666666667,3.66666666666667,1
"X615",4.25,4.08333333333333,-0.166666666666667,5,4.66666666666667,0.333333333333333,4.5,4.83333333333333,-0.333333333333333
"X616",1.58333333333333,2,0.416666666666667,1,1,0,2.66666666666667,1,1.66666666666667
"X617",1.5,1,-0.5,1,1,0,3.5,2.33333333333333,1.16666666666667
"X618",2.75,3.58333333333333,0.833333333333333,4,4.33333333333333,-0.333333333333333,3.66666666666667,1.83333333333333,1.83333333333333
"X619",1.08333333333333,1.25,0.166666666666667,1.66666666666667,1,0.666666666666667,4.33333333333333,2,2.33333333333333
"X620",1.5,2.75,1.25,1,1,0,6,1.83333333333333,4.16666666666667
"X621",4,4,0,6,6,0,5.33333333333333,5.33333333333333,0
"X622",3,3.33333333333333,0.333333333333333,2.66666666666667,6,-3.33333333333333,4.5,2.16666666666667,2.33333333333333
"X623",4.08333333333333,3.91666666666667,-0.166666666666667,2.33333333333333,3,-0.666666666666667,4.5,1.16666666666667,3.33333333333333
"X624",4.16666666666667,4.41666666666667,0.25,5.66666666666667,5.66666666666667,0,5.5,5.33333333333333,0.166666666666667
"X625",1.75,2.33333333333333,0.583333333333333,2,1,1,1.33333333333333,1.16666666666667,0.166666666666667
"X626",1.41666666666667,4.41666666666667,3,5,6,-1,5.16666666666667,1.66666666666667,3.5
"X627",4.41666666666667,4.66666666666667,0.25,5.33333333333333,5,0.333333333333333,4.16666666666667,5,-0.833333333333333
"X628",1,1.5,0.5,1,1,0,3.5,2.16666666666667,1.33333333333333
"X629",4.5,5.66666666666667,1.16666666666667,6,6,0,5.16666666666667,1.16666666666667,4
"X630",4.41666666666667,4.33333333333333,-0.0833333333333339,3,6.33333333333333,-3.33333333333333,4.16666666666667,5.33333333333333,-1.16666666666667
"X631",4.08333333333333,4.5,0.416666666666667,5,4.66666666666667,0.333333333333333,4.5,4.33333333333333,0.166666666666667
"X632",4.58333333333333,4.16666666666667,-0.416666666666666,5.33333333333333,5,0.333333333333333,4.66666666666667,4.83333333333333,-0.166666666666666
"X633",3.91666666666667,1.58333333333333,-2.33333333333333,3.66666666666667,4,-0.333333333333333,4.66666666666667,4.5,0.166666666666667
"X634",3,2.91666666666667,-0.0833333333333335,3.66666666666667,4,-0.333333333333333,2.83333333333333,1.16666666666667,1.66666666666667
"X635",2.33333333333333,5.33333333333333,3,2,3.33333333333333,-1.33333333333333,3.66666666666667,2,1.66666666666667
"X636",2.58333333333333,4.5,1.91666666666667,5,7,-2,5.5,1.66666666666667,3.83333333333333
"X637",4.75,5.08333333333333,0.333333333333333,5.66666666666667,6,-0.333333333333333,6,2.66666666666667,3.33333333333333
"X638",1.41666666666667,2.91666666666667,1.5,2.33333333333333,3,-0.666666666666667,3.16666666666667,2.33333333333333,0.833333333333333
"X639",1.16666666666667,1.25,0.0833333333333333,1,1,0,2.83333333333333,1.33333333333333,1.5
"X640",1,3.25,2.25,1,2.66666666666667,-1.66666666666667,3.83333333333333,2.5,1.33333333333333
"X641",1.16666666666667,1,-0.166666666666667,2,2,0,4.66666666666667,2.16666666666667,2.5
"X642",1.75,1.83333333333333,0.0833333333333333,2.66666666666667,3.33333333333333,-0.666666666666667,3.5,2.16666666666667,1.33333333333333
"X643",1.75,2,0.25,1,1.33333333333333,-0.333333333333333,3.16666666666667,2.16666666666667,1
"X644",4.33333333333333,4.5,0.166666666666667,4.66666666666667,5,-0.333333333333333,4.16666666666667,1.66666666666667,2.5
"X645",1,1,0,1,1.66666666666667,-0.666666666666667,2.5,2.33333333333333,0.166666666666667
"X646",1.66666666666667,2.25,0.583333333333333,1.66666666666667,1.33333333333333,0.333333333333333,3.16666666666667,1.66666666666667,1.5
"X647",4.16666666666667,5.5,1.33333333333333,5,6.33333333333333,-1.33333333333333,5.16666666666667,2.66666666666667,2.5
"X648",1.5,2.16666666666667,0.666666666666667,1,1.33333333333333,-0.333333333333333,3.5,1.5,2
"X649",3.25,3.75,0.5,2,4,-2,4,4.16666666666667,-0.166666666666667
"X650",3.91666666666667,4,0.0833333333333335,4,4,0,3.83333333333333,4,-0.166666666666667
"X651",2.5,3.08333333333333,0.583333333333333,3.33333333333333,3.33333333333333,0,5.66666666666667,2.33333333333333,3.33333333333333
"X652",2.16666666666667,2.16666666666667,0,1.33333333333333,4,-2.66666666666667,3.83333333333333,1,2.83333333333333
"X653",1.5,2.16666666666667,0.666666666666667,1,2,-1,1.83333333333333,1.66666666666667,0.166666666666667
"X654",1,1,0,2.33333333333333,4.33333333333333,-2,5.66666666666667,1.5,4.16666666666667
"X655",3.41666666666667,4.75,1.33333333333333,5,4.66666666666667,0.333333333333333,4.66666666666667,1.16666666666667,3.5
"X656",3.33333333333333,3.5,0.166666666666667,2.33333333333333,3.33333333333333,-1,3.16666666666667,1.5,1.66666666666667
"X657",3,5,2,2.66666666666667,5.66666666666667,-3,4.33333333333333,1.33333333333333,3
"X658",3,3,0,5.66666666666667,6,-0.333333333333333,5,5.66666666666667,-0.666666666666667
"X659",2.5,3.83333333333333,1.33333333333333,3,3,0,4.5,2.66666666666667,1.83333333333333
"X660",4.25,5.66666666666667,1.41666666666667,6.33333333333333,6.66666666666667,-0.333333333333334,5.16666666666667,1.5,3.66666666666667
"X661",1.75,1.66666666666667,-0.0833333333333333,1.66666666666667,4,-2.33333333333333,3.5,1,2.5
"X662",2.91666666666667,3.58333333333333,0.666666666666667,3,2.66666666666667,0.333333333333333,5,1.33333333333333,3.66666666666667
"X663",1.5,3.25,1.75,3,2,1,4.5,1,3.5
"X664",2.5,2.66666666666667,0.166666666666667,1,2.66666666666667,-1.66666666666667,4,1.66666666666667,2.33333333333333
"X665",4.16666666666667,5,0.833333333333333,4.33333333333333,4.66666666666667,-0.333333333333334,3.83333333333333,1.83333333333333,2
"X666",1.08333333333333,2.58333333333333,1.5,1,1,0,1.83333333333333,2.33333333333333,-0.5
"X667",3.5,3.66666666666667,0.166666666666667,3.33333333333333,3.33333333333333,0,4.66666666666667,2,2.66666666666667
"X668",4,4,0,4,3,1,4,4,0
"X669",5.25,7,1.75,1,7,-6,6,1,5
"X670",2.58333333333333,3.5,0.916666666666667,5.66666666666667,4.33333333333333,1.33333333333333,2.5,1.16666666666667,1.33333333333333
"X671",2.41666666666667,3.83333333333333,1.41666666666667,2,4,-2,3.66666666666667,2.33333333333333,1.33333333333333
"X672",5.33333333333333,6,0.666666666666667,7,7,0,4,3.83333333333333,0.166666666666667
"X673",4.08333333333333,4,-0.083333333333333,4.33333333333333,4.33333333333333,0,3.83333333333333,4.5,-0.666666666666667
"X674",1.33333333333333,1.5,0.166666666666667,1,1,0,3.16666666666667,1.83333333333333,1.33333333333333
"X675",1.5,1.41666666666667,-0.0833333333333333,1.33333333333333,1.33333333333333,0,3.5,1.33333333333333,2.16666666666667
"X676",3.83333333333333,3.91666666666667,0.083333333333333,4.33333333333333,4,0.333333333333333,4.16666666666667,3.16666666666667,1
"X677",3.58333333333333,3.75,0.166666666666667,4.66666666666667,5.33333333333333,-0.666666666666666,4.5,4,0.5
"X678",4.41666666666667,5.08333333333333,0.666666666666666,6.33333333333333,5.66666666666667,0.666666666666666,4.83333333333333,1,3.83333333333333
"X679",3.16666666666667,6.33333333333333,3.16666666666667,4.66666666666667,2,2.66666666666667,2,2.66666666666667,-0.666666666666667
"X680",2.5,3.91666666666667,1.41666666666667,1.66666666666667,4.66666666666667,-3,2,1.16666666666667,0.833333333333333
"X681",2.83333333333333,3.33333333333333,0.5,1.33333333333333,2.66666666666667,-1.33333333333333,4.33333333333333,1.5,2.83333333333333
"X682",3.25,5.83333333333333,2.58333333333333,4.33333333333333,4.33333333333333,0,4.5,2.33333333333333,2.16666666666667
"X683",2.83333333333333,2.75,-0.0833333333333335,2,4,-2,4.33333333333333,2.5,1.83333333333333
"X684",3.25,6,2.75,1.66666666666667,3,-1.33333333333333,5,1,4
"X685",1,1.25,0.25,1,1.33333333333333,-0.333333333333333,5.66666666666667,1,4.66666666666667
"X686",4.83333333333333,4.83333333333333,0,5,4.33333333333333,0.666666666666667,4.33333333333333,2.16666666666667,2.16666666666667
"X687",3,5.33333333333333,2.33333333333333,5.66666666666667,7,-1.33333333333333,5,1.83333333333333,3.16666666666667
"X688",4.33333333333333,4.16666666666667,-0.166666666666666,6,5.33333333333333,0.666666666666667,4.83333333333333,4.83333333333333,0
"X689",6,5.58333333333333,-0.416666666666667,6,6,0,2.5,2.5,0
"X690",3.91666666666667,4.5,0.583333333333333,3,3.66666666666667,-0.666666666666667,4.33333333333333,3.5,0.833333333333333
"X691",2.83333333333333,2.83333333333333,0,4,3.33333333333333,0.666666666666667,4.33333333333333,3.33333333333333,1
"X692",2.5,3.41666666666667,0.916666666666667,2,2,0,4,2,2
"X693",3.75,4.33333333333333,0.583333333333333,1.33333333333333,2.66666666666667,-1.33333333333333,2.33333333333333,1.83333333333333,0.5
"X694",2.75,4,1.25,3.33333333333333,5,-1.66666666666667,3.5,1.66666666666667,1.83333333333333
"X695",4.5,5,0.5,2.33333333333333,3.33333333333333,-1,4.5,1.66666666666667,2.83333333333333
"X696",3.66666666666667,4,0.333333333333333,3,4,-1,3.16666666666667,1.66666666666667,1.5
"X697",2,2,0,2,2,0,3.66666666666667,2.5,1.16666666666667
"X698",1,1.08333333333333,0.0833333333333333,1.66666666666667,1.33333333333333,0.333333333333333,3,1.83333333333333,1.16666666666667
"X699",1.25,1.08333333333333,-0.166666666666667,2,3.33333333333333,-1.33333333333333,2.83333333333333,1.33333333333333,1.5
"X700",3.41666666666667,3.83333333333333,0.416666666666667,1.66666666666667,5.33333333333333,-3.66666666666667,4.66666666666667,1.5,3.16666666666667
"X701",4.66666666666667,3.83333333333333,-0.833333333333333,6.66666666666667,7,-0.333333333333333,4.83333333333333,1.16666666666667,3.66666666666667
"X702",4,5.58333333333333,1.58333333333333,5,5.66666666666667,-0.666666666666667,1.83333333333333,2.33333333333333,-0.5
"X703",2.75,3.16666666666667,0.416666666666667,3,5,-2,5,2,3
"X704",4.5,5,0.5,6,1.66666666666667,4.33333333333333,3.66666666666667,1,2.66666666666667
"X705",4.41666666666667,5.41666666666667,1,4,4.66666666666667,-0.666666666666667,3,3.83333333333333,-0.833333333333333
"X706",3.5,4.66666666666667,1.16666666666667,4,3.66666666666667,0.333333333333333,2.83333333333333,2.5,0.333333333333333
"X707",2.5,3,0.5,2.66666666666667,5,-2.33333333333333,4.5,2.5,2
"X708",3.91666666666667,3.58333333333333,-0.333333333333333,3.66666666666667,3.33333333333333,0.333333333333333,4,4.33333333333333,-0.333333333333333
"X709",2,2,0,2,2,0,2.66666666666667,2,0.666666666666667
"X710",4.5,4.16666666666667,-0.333333333333333,4.33333333333333,4.66666666666667,-0.333333333333334,4,4.33333333333333,-0.333333333333333
"X711",4.08333333333333,4.5,0.416666666666667,3,5.33333333333333,-2.33333333333333,4,1.83333333333333,2.16666666666667
"X712",3.33333333333333,4.25,0.916666666666667,5,4.66666666666667,0.333333333333333,3.83333333333333,2.5,1.33333333333333
"X713",1.83333333333333,1.91666666666667,0.0833333333333335,1.66666666666667,1.66666666666667,0,1.5,1.16666666666667,0.333333333333333
"X714",1,2.66666666666667,1.66666666666667,3.33333333333333,4.66666666666667,-1.33333333333333,3.5,1.66666666666667,1.83333333333333
"X715",2.83333333333333,3.41666666666667,0.583333333333333,3.33333333333333,4.33333333333333,-1,4.16666666666667,2.5,1.66666666666667
"X716",1,1.5,0.5,1,2.66666666666667,-1.66666666666667,4.5,1.66666666666667,2.83333333333333
"X717",3.91666666666667,5.08333333333333,1.16666666666667,4.66666666666667,5.33333333333333,-0.666666666666666,4.66666666666667,2.16666666666667,2.5
"X718",3.33333333333333,4.83333333333333,1.5,2.66666666666667,5.66666666666667,-3,2.5,3.16666666666667,-0.666666666666667
"X719",5,5.66666666666667,0.666666666666667,3.33333333333333,2.33333333333333,1,2.16666666666667,3,-0.833333333333333
"X720",3,2.91666666666667,-0.0833333333333335,3,6.33333333333333,-3.33333333333333,5.66666666666667,1.5,4.16666666666667
"X721",2.5,2.5,0,1,1,0,2,3,-1
"X722",1.58333333333333,1.91666666666667,0.333333333333333,2.33333333333333,4,-1.66666666666667,4.33333333333333,4.5,-0.166666666666667
"X723",1,1,0,2.33333333333333,3,-0.666666666666667,2.83333333333333,2.16666666666667,0.666666666666667
"X724",4.16666666666667,6.41666666666667,2.25,5,6.66666666666667,-1.66666666666667,2,1.66666666666667,0.333333333333333
"X725",1.33333333333333,3.83333333333333,2.5,1.33333333333333,3.66666666666667,-2.33333333333333,5,1.5,3.5
"X726",4.83333333333333,5.66666666666667,0.833333333333334,3,2.66666666666667,0.333333333333333,2.16666666666667,1.16666666666667,1
"X727",2.25,2.58333333333333,0.333333333333333,2.33333333333333,3.33333333333333,-1,3.16666666666667,2,1.16666666666667
"X728",1.25,2,0.75,1,2,-1,3,1.83333333333333,1.16666666666667
"X729",2.83333333333333,3,0.166666666666667,2.66666666666667,2.66666666666667,0,3.5,2.83333333333333,0.666666666666667
"X730",1.66666666666667,3.16666666666667,1.5,1.33333333333333,2,-0.666666666666667,4,2.16666666666667,1.83333333333333
"X731",3.66666666666667,4.41666666666667,0.75,2.66666666666667,2.33333333333333,0.333333333333333,4.33333333333333,1.66666666666667,2.66666666666667
"X732",3.66666666666667,4.83333333333333,1.16666666666667,3,4.66666666666667,-1.66666666666667,5.16666666666667,2.5,2.66666666666667
"X733",4.66666666666667,5.58333333333333,0.916666666666666,5.33333333333333,6.66666666666667,-1.33333333333333,4.66666666666667,2,2.66666666666667
"X734",3.83333333333333,3.75,-0.0833333333333335,2.33333333333333,2.33333333333333,0,2.16666666666667,2.5,-0.333333333333333
"X735",2.91666666666667,4,1.08333333333333,3.33333333333333,5.33333333333333,-2,5.5,4.66666666666667,0.833333333333333
"X736",1,3.91666666666667,2.91666666666667,4,4,0,3.66666666666667,1.16666666666667,2.5
"X737",4.75,4.91666666666667,0.166666666666667,5,5.66666666666667,-0.666666666666667,5.5,4.66666666666667,0.833333333333333
"X738",4.16666666666667,4,-0.166666666666667,5.33333333333333,5,0.333333333333333,5,4.5,0.5
"X739",2,3.16666666666667,1.16666666666667,2,2.66666666666667,-0.666666666666667,2,2,0
"X740",3.41666666666667,4.5,1.08333333333333,2.33333333333333,3.66666666666667,-1.33333333333333,4.33333333333333,2,2.33333333333333
"X741",2.41666666666667,2.91666666666667,0.5,2,2.66666666666667,-0.666666666666667,4.83333333333333,2.33333333333333,2.5
"X742",1.25,1.25,0,1,2,-1,4,1.66666666666667,2.33333333333333
"X743",4.83333333333333,4.5,-0.333333333333333,3.66666666666667,4,-0.333333333333333,1.83333333333333,1.33333333333333,0.5
"X744",1,1.33333333333333,0.333333333333333,1,1,0,2.5,1.5,1
"X745",3.91666666666667,4.41666666666667,0.5,2,6,-4,3.33333333333333,4.83333333333333,-1.5
"X746",3.83333333333333,4,0.166666666666667,4,4,0,2.83333333333333,4,-1.16666666666667
"X747",2,2,0,1,2.33333333333333,-1.33333333333333,3,1.66666666666667,1.33333333333333
"X748",1.5,1.5,0,1,1,0,3.66666666666667,1,2.66666666666667
"X749",1.66666666666667,3,1.33333333333333,1.33333333333333,2,-0.666666666666667,5,1.5,3.5
"X750",1.25,4.75,3.5,5.66666666666667,3.66666666666667,2,2.66666666666667,1.16666666666667,1.5
"X751",3.33333333333333,3.83333333333333,0.5,1.33333333333333,2.33333333333333,-1,2.33333333333333,2.5,-0.166666666666667
"X752",3.66666666666667,3.91666666666667,0.25,7,6.66666666666667,0.333333333333333,5,5.66666666666667,-0.666666666666667
"X753",1.91666666666667,2,0.0833333333333333,1,1,0,3.5,2.66666666666667,0.833333333333333
"X754",3.91666666666667,4.16666666666667,0.25,1,1.66666666666667,-0.666666666666667,1.66666666666667,1,0.666666666666667
"X755",3.91666666666667,4.58333333333333,0.666666666666667,4,4,0,4,4,0
"X756",2.58333333333333,2.16666666666667,-0.416666666666667,2.66666666666667,2.66666666666667,0,2.5,2.33333333333333,0.166666666666667
"X757",1.91666666666667,1.91666666666667,0,1.66666666666667,2,-0.333333333333333,2.33333333333333,1,1.33333333333333
"X758",2,2.58333333333333,0.583333333333333,2,2,0,3.16666666666667,2,1.16666666666667
"X759",1.41666666666667,4,2.58333333333333,2.66666666666667,2,0.666666666666667,6,2,4
"X760",3.91666666666667,4.75,0.833333333333333,3,3,0,4.33333333333333,2,2.33333333333333
"X761",1.5,1.66666666666667,0.166666666666667,3,4,-1,2.66666666666667,1.83333333333333,0.833333333333333
"X762",1,1,0,1,1,0,4,1.66666666666667,2.33333333333333
"X763",1.08333333333333,2.5,1.41666666666667,1.33333333333333,2.33333333333333,-1,4.5,1.16666666666667,3.33333333333333
"X764",2.5,2.33333333333333,-0.166666666666667,2.66666666666667,5,-2.33333333333333,4,2.66666666666667,1.33333333333333
"X765",2.5,3.91666666666667,1.41666666666667,2.33333333333333,4.33333333333333,-2,4.33333333333333,3.66666666666667,0.666666666666667
"X766",3.08333333333333,4.41666666666667,1.33333333333333,1.66666666666667,1,0.666666666666667,5.5,1.16666666666667,4.33333333333333
"X767",6.66666666666667,7,0.333333333333333,4.66666666666667,5.33333333333333,-0.666666666666666,3.66666666666667,1.16666666666667,2.5
"X768",1.58333333333333,2.25,0.666666666666667,1.66666666666667,1.66666666666667,0,2.66666666666667,1,1.66666666666667
"X769",1.91666666666667,1.91666666666667,0,2.33333333333333,2.66666666666667,-0.333333333333333,3.83333333333333,1.83333333333333,2
"X770",4,3.58333333333333,-0.416666666666667,7,6,1,5.33333333333333,5.66666666666667,-0.333333333333334
"X771",4.16666666666667,4.16666666666667,0,3.33333333333333,3.66666666666667,-0.333333333333333,3.33333333333333,3.5,-0.166666666666667
"X772",1,1,0,1,1,0,4.16666666666667,1,3.16666666666667
"X773",3.83333333333333,4.16666666666667,0.333333333333333,4,4.66666666666667,-0.666666666666667,4.83333333333333,2.5,2.33333333333333
"X774",4,4.16666666666667,0.166666666666667,1.33333333333333,3.66666666666667,-2.33333333333333,4.5,1.5,3
"X775",2,2.5,0.5,1,1,0,1,1,0
"X776",3.08333333333333,3.83333333333333,0.75,1.66666666666667,2.33333333333333,-0.666666666666667,4.5,1.5,3
"X777",3.66666666666667,4.33333333333333,0.666666666666667,2.33333333333333,2.66666666666667,-0.333333333333333,4.33333333333333,2,2.33333333333333
"X778",1,1.58333333333333,0.583333333333333,1,1,0,3.5,1.33333333333333,2.16666666666667
"X779",1.75,1.91666666666667,0.166666666666667,1.33333333333333,2.66666666666667,-1.33333333333333,3.83333333333333,1.16666666666667,2.66666666666667
